Student_ID,Name,Math,Science,English,Total,Percentage,Grade
S0001,Student_1,46,34,40,120,40.0,C
S0002,Student_2,69,37,75,181,60.33,B
S0003,Student_3,89,94,83,266,88.67,A
S0004,Student_4,54,39,60,153,51.0,C
S0005,Student_5,96,66,82,244,81.33,A
S0006,Student_6,62,58,54,174,58.0,C
S0007,Student_7,31,42,61,134,44.67,C
S0008,Student_8,55,48,74,177,59.0,C
S0009,Student_9,32,91,90,213,71.0,B
S0010,Student_10,47,69,45,161,53.67,C
S0011,Student_11,34,99,46,179,59.67,C
S0012,Student_12,50,98,50,198,66.0,B
S0013,Student_13,96,80,83,259,86.33,A
S0014,Student_14,72,52,46,170,56.67,C
S0015,Student_15,53,57,38,148,49.33,C
S0016,Student_16,72,82,33,187,62.33,B
S0017,Student_17,63,57,84,204,68.0,B
S0018,Student_18,67,84,70,221,73.67,B
S0019,Student_19,39,46,85,170,56.67,C
S0020,Student_20,40,31,32,103,34.33,F
S0021,Student_21,56,38,36,130,43.33,C
S0022,Student_22,78,85,30,193,64.33,B
S0023,Student_23,70,38,31,139,46.33,C
S0024,Student_24,39,90,42,171,57.0,C
S0025,Student_25,31,77,40,148,49.33,C
S0026,Student_26,82,45,35,162,54.0,C
S0027,Student_27,62,91,56,209,69.67,B
S0028,Student_28,41,57,79,177,59.0,C
S0029,Student_29,30,85,67,182,60.67,B
S0030,Student_30,98,95,36,229,76.33,B
S0031,Student_31,56,60,84,200,66.67,B
S0032,Student_32,62,51,71,184,61.33,B
S0033,Student_33,44,44,69,157,52.33,C
S0034,Student_34,85,67,92,244,81.33,A
S0035,Student_35,40,48,48,136,45.33,C
S0036,Student_36,30,53,69,152,50.67,C
S0037,Student_37,45,41,63,149,49.67,C
S0038,Student_38,49,100,31,180,60.0,B
S0039,Student_39,66,58,69,193,64.33,B
S0040,Student_40,35,45,76,156,52.0,C
S0041,Student_41,46,99,68,213,71.0,B
S0042,Student_42,91,96,94,281,93.67,A
S0043,Student_43,64,73,53,190,63.33,B
S0044,Student_44,55,37,71,163,54.33,C
S0045,Student_45,42,96,40,178,59.33,C
S0046,Student_46,82,40,50,172,57.33,C
S0047,Student_47,77,90,72,239,79.67,B
S0048,Student_48,33,42,81,156,52.0,C
S0049,Student_49,83,43,46,172,57.33,C
S0050,Student_50,62,44,49,155,51.67,C
S0051,Student_51,80,77,38,195,65.0,B
S0052,Student_52,40,59,75,174,58.0,C
S0053,Student_53,30,89,97,216,72.0,B
S0054,Student_54,33,55,99,187,62.33,B
S0055,Student_55,100,65,66,231,77.0,B
S0056,Student_56,71,69,58,198,66.0,B
S0057,Student_57,80,33,90,203,67.67,B
S0058,Student_58,68,53,90,211,70.33,B
S0059,Student_59,74,83,71,228,76.0,B
S0060,Student_60,35,76,89,200,66.67,B
S0061,Student_61,77,35,93,205,68.33,B
S0062,Student_62,83,57,53,193,64.33,B
S0063,Student_63,57,99,88,244,81.33,A
S0064,Student_64,70,44,78,192,64.0,B
S0065,Student_65,77,97,33,207,69.0,B
S0066,Student_66,88,94,33,215,71.67,B
S0067,Student_67,75,100,33,208,69.33,B
S0068,Student_68,43,48,37,128,42.67,C
S0069,Student_69,33,71,66,170,56.67,C
S0070,Student_70,49,69,71,189,63.0,B
S0071,Student_71,59,98,58,215,71.67,B
S0072,Student_72,81,69,34,184,61.33,B
S0073,Student_73,65,36,83,184,61.33,B
S0074,Student_74,50,54,59,163,54.33,C
S0075,Student_75,81,73,67,221,73.67,B
S0076,Student_76,53,47,45,145,48.33,C
S0077,Student_77,70,41,56,167,55.67,C
S0078,Student_78,52,67,55,174,58.0,C
S0079,Student_79,73,37,43,153,51.0,C
S0080,Student_80,100,60,56,216,72.0,B
S0081,Student_81,52,100,87,239,79.67,B
S0082,Student_82,79,82,41,202,67.33,B
S0083,Student_83,87,82,100,269,89.67,A
S0084,Student_84,79,87,33,199,66.33,B
S0085,Student_85,72,55,82,209,69.67,B
S0086,Student_86,40,92,67,199,66.33,B
S0087,Student_87,66,90,81,237,79.0,B
S0088,Student_88,86,63,65,214,71.33,B
S0089,Student_89,97,80,81,258,86.0,A
S0090,Student_90,56,92,90,238,79.33,B
S0091,Student_91,43,32,81,156,52.0,C
S0092,Student_92,37,85,76,198,66.0,B
S0093,Student_93,91,42,64,197,65.67,B
S0094,Student_94,36,39,90,165,55.0,C
S0095,Student_95,44,59,34,137,45.67,C
S0096,Student_96,54,58,58,170,56.67,C
S0097,Student_97,97,85,54,236,78.67,B
S0098,Student_98,92,88,77,257,85.67,A
S0099,Student_99,45,32,31,108,36.0,F
S0100,Student_100,80,82,62,224,74.67,B
S0101,Student_101,67,77,74,218,72.67,B
S0102,Student_102,58,40,84,182,60.67,B
S0103,Student_103,95,54,40,189,63.0,B
S0104,Student_104,91,88,45,224,74.67,B
S0105,Student_105,89,64,88,241,80.33,A
S0106,Student_106,49,72,98,219,73.0,B
S0107,Student_107,63,80,74,217,72.33,B
S0108,Student_108,94,64,33,191,63.67,B
S0109,Student_109,80,83,80,243,81.0,A
S0110,Student_110,89,34,96,219,73.0,B
S0111,Student_111,79,64,30,173,57.67,C
S0112,Student_112,61,33,95,189,63.0,B
S0113,Student_113,30,70,94,194,64.67,B
S0114,Student_114,97,74,37,208,69.33,B
S0115,Student_115,67,49,63,179,59.67,C
S0116,Student_116,96,32,78,206,68.67,B
S0117,Student_117,54,94,45,193,64.33,B
S0118,Student_118,79,54,31,164,54.67,C
S0119,Student_119,39,86,42,167,55.67,C
S0120,Student_120,98,51,51,200,66.67,B
S0121,Student_121,54,50,75,179,59.67,C
S0122,Student_122,33,95,87,215,71.67,B
S0123,Student_123,79,92,81,252,84.0,A
S0124,Student_124,85,87,87,259,86.33,A
S0125,Student_125,75,49,69,193,64.33,B
S0126,Student_126,85,40,65,190,63.33,B
S0127,Student_127,44,76,35,155,51.67,C
S0128,Student_128,65,42,53,160,53.33,C
S0129,Student_129,72,56,90,218,72.67,B
S0130,Student_130,46,76,84,206,68.67,B
S0131,Student_131,70,42,75,187,62.33,B
S0132,Student_132,67,90,46,203,67.67,B
S0133,Student_133,55,77,78,210,70.0,B
S0134,Student_134,100,86,31,217,72.33,B
S0135,Student_135,91,63,46,200,66.67,B
S0136,Student_136,78,68,70,216,72.0,B
S0137,Student_137,30,87,73,190,63.33,B
S0138,Student_138,48,86,83,217,72.33,B
S0139,Student_139,82,75,87,244,81.33,A
S0140,Student_140,93,95,74,262,87.33,A
S0141,Student_141,48,66,68,182,60.67,B
S0142,Student_142,33,66,68,167,55.67,C
S0143,Student_143,79,77,56,212,70.67,B
S0144,Student_144,37,39,46,122,40.67,C
S0145,Student_145,83,82,64,229,76.33,B
S0146,Student_146,66,98,68,232,77.33,B
S0147,Student_147,82,76,77,235,78.33,B
S0148,Student_148,56,97,91,244,81.33,A
S0149,Student_149,76,66,93,235,78.33,B
S0150,Student_150,89,36,32,157,52.33,C
S0151,Student_151,45,88,86,219,73.0,B
S0152,Student_152,54,32,45,131,43.67,C
S0153,Student_153,31,49,66,146,48.67,C
S0154,Student_154,82,44,62,188,62.67,B
S0155,Student_155,82,99,87,268,89.33,A
S0156,Student_156,45,43,43,131,43.67,C
S0157,Student_157,46,47,85,178,59.33,C
S0158,Student_158,65,89,48,202,67.33,B
S0159,Student_159,31,33,30,94,31.33,F
S0160,Student_160,68,48,53,169,56.33,C
S0161,Student_161,64,56,93,213,71.0,B
S0162,Student_162,92,93,64,249,83.0,A
S0163,Student_163,58,57,37,152,50.67,C
S0164,Student_164,65,40,61,166,55.33,C
S0165,Student_165,52,85,43,180,60.0,B
S0166,Student_166,98,66,33,197,65.67,B
S0167,Student_167,60,88,87,235,78.33,B
S0168,Student_168,49,69,41,159,53.0,C
S0169,Student_169,89,65,87,241,80.33,A
S0170,Student_170,55,83,36,174,58.0,C
S0171,Student_171,67,66,93,226,75.33,B
S0172,Student_172,34,55,74,163,54.33,C
S0173,Student_173,61,37,42,140,46.67,C
S0174,Student_174,77,92,83,252,84.0,A
S0175,Student_175,58,33,92,183,61.0,B
S0176,Student_176,66,89,91,246,82.0,A
S0177,Student_177,67,63,34,164,54.67,C
S0178,Student_178,82,58,95,235,78.33,B
S0179,Student_179,52,55,77,184,61.33,B
S0180,Student_180,58,86,71,215,71.67,B
S0181,Student_181,62,95,46,203,67.67,B
S0182,Student_182,62,64,76,202,67.33,B
S0183,Student_183,43,33,96,172,57.33,C
S0184,Student_184,60,80,74,214,71.33,B
S0185,Student_185,51,95,98,244,81.33,A
S0186,Student_186,52,39,92,183,61.0,B
S0187,Student_187,99,61,57,217,72.33,B
S0188,Student_188,80,66,47,193,64.33,B
S0189,Student_189,75,77,70,222,74.0,B
S0190,Student_190,88,48,53,189,63.0,B
S0191,Student_191,77,92,93,262,87.33,A
S0192,Student_192,94,71,95,260,86.67,A
S0193,Student_193,73,89,87,249,83.0,A
S0194,Student_194,41,91,58,190,63.33,B
S0195,Student_195,58,98,46,202,67.33,B
S0196,Student_196,31,99,65,195,65.0,B
S0197,Student_197,95,34,50,179,59.67,C
S0198,Student_198,43,75,65,183,61.0,B
S0199,Student_199,81,63,95,239,79.67,B
S0200,Student_200,69,54,100,223,74.33,B
S0201,Student_201,62,54,90,206,68.67,B
S0202,Student_202,64,62,30,156,52.0,C
S0203,Student_203,40,37,45,122,40.67,C
S0204,Student_204,34,47,36,117,39.0,F
S0205,Student_205,68,39,90,197,65.67,B
S0206,Student_206,66,85,49,200,66.67,B
S0207,Student_207,100,77,30,207,69.0,B
S0208,Student_208,83,58,96,237,79.0,B
S0209,Student_209,62,50,31,143,47.67,C
S0210,Student_210,39,100,77,216,72.0,B
S0211,Student_211,88,41,80,209,69.67,B
S0212,Student_212,57,95,37,189,63.0,B
S0213,Student_213,36,56,55,147,49.0,C
S0214,Student_214,97,93,74,264,88.0,A
S0215,Student_215,98,71,42,211,70.33,B
S0216,Student_216,46,97,52,195,65.0,B
S0217,Student_217,34,78,59,171,57.0,C
S0218,Student_218,70,87,63,220,73.33,B
S0219,Student_219,96,47,63,206,68.67,B
S0220,Student_220,70,82,70,222,74.0,B
S0221,Student_221,35,86,55,176,58.67,C
S0222,Student_222,53,71,98,222,74.0,B
S0223,Student_223,54,48,55,157,52.33,C
S0224,Student_224,91,39,88,218,72.67,B
S0225,Student_225,48,47,37,132,44.0,C
S0226,Student_226,80,68,38,186,62.0,B
S0227,Student_227,81,41,32,154,51.33,C
S0228,Student_228,71,71,97,239,79.67,B
S0229,Student_229,87,60,79,226,75.33,B
S0230,Student_230,83,40,37,160,53.33,C
S0231,Student_231,71,48,76,195,65.0,B
S0232,Student_232,91,70,41,202,67.33,B
S0233,Student_233,36,90,67,193,64.33,B
S0234,Student_234,95,93,33,221,73.67,B
S0235,Student_235,98,70,66,234,78.0,B
S0236,Student_236,65,45,45,155,51.67,C
S0237,Student_237,76,42,94,212,70.67,B
S0238,Student_238,36,43,53,132,44.0,C
S0239,Student_239,71,73,91,235,78.33,B
S0240,Student_240,81,80,99,260,86.67,A
S0241,Student_241,61,51,74,186,62.0,B
S0242,Student_242,99,31,66,196,65.33,B
S0243,Student_243,59,33,49,141,47.0,C
S0244,Student_244,44,99,95,238,79.33,B
S0245,Student_245,34,82,36,152,50.67,C
S0246,Student_246,49,90,83,222,74.0,B
S0247,Student_247,93,94,41,228,76.0,B
S0248,Student_248,46,75,62,183,61.0,B
S0249,Student_249,86,72,67,225,75.0,B
S0250,Student_250,62,84,90,236,78.67,B
S0251,Student_251,33,75,33,141,47.0,C
S0252,Student_252,83,89,64,236,78.67,B
S0253,Student_253,51,33,100,184,61.33,B
S0254,Student_254,45,96,84,225,75.0,B
S0255,Student_255,100,60,66,226,75.33,B
S0256,Student_256,31,89,90,210,70.0,B
S0257,Student_257,100,84,68,252,84.0,A
S0258,Student_258,72,49,90,211,70.33,B
S0259,Student_259,55,49,59,163,54.33,C
S0260,Student_260,80,43,53,176,58.67,C
S0261,Student_261,71,54,78,203,67.67,B
S0262,Student_262,71,52,75,198,66.0,B
S0263,Student_263,48,40,55,143,47.67,C
S0264,Student_264,32,53,30,115,38.33,F
S0265,Student_265,40,62,72,174,58.0,C
S0266,Student_266,72,91,55,218,72.67,B
S0267,Student_267,75,75,34,184,61.33,B
S0268,Student_268,39,91,67,197,65.67,B
S0269,Student_269,70,79,52,201,67.0,B
S0270,Student_270,66,63,58,187,62.33,B
S0271,Student_271,31,95,34,160,53.33,C
S0272,Student_272,90,49,65,204,68.0,B
S0273,Student_273,51,96,50,197,65.67,B
S0274,Student_274,83,34,51,168,56.0,C
S0275,Student_275,79,37,76,192,64.0,B
S0276,Student_276,88,31,62,181,60.33,B
S0277,Student_277,95,67,82,244,81.33,A
S0278,Student_278,47,48,82,177,59.0,C
S0279,Student_279,36,46,81,163,54.33,C
S0280,Student_280,91,31,81,203,67.67,B
S0281,Student_281,57,77,82,216,72.0,B
S0282,Student_282,88,77,81,246,82.0,A
S0283,Student_283,83,94,39,216,72.0,B
S0284,Student_284,86,67,65,218,72.67,B
S0285,Student_285,96,45,42,183,61.0,B
S0286,Student_286,41,69,30,140,46.67,C
S0287,Student_287,46,52,38,136,45.33,C
S0288,Student_288,92,31,53,176,58.67,C
S0289,Student_289,66,31,39,136,45.33,C
S0290,Student_290,44,100,30,174,58.0,C
S0291,Student_291,99,48,70,217,72.33,B
S0292,Student_292,78,57,47,182,60.67,B
S0293,Student_293,36,46,88,170,56.67,C
S0294,Student_294,38,39,94,171,57.0,C
S0295,Student_295,81,46,61,188,62.67,B
S0296,Student_296,39,30,50,119,39.67,F
S0297,Student_297,34,94,41,169,56.33,C
S0298,Student_298,91,92,99,282,94.0,A
S0299,Student_299,44,47,33,124,41.33,C
S0300,Student_300,100,94,64,258,86.0,A
S0301,Student_301,67,78,32,177,59.0,C
S0302,Student_302,31,44,61,136,45.33,C
S0303,Student_303,83,83,86,252,84.0,A
S0304,Student_304,49,77,55,181,60.33,B
S0305,Student_305,94,56,87,237,79.0,B
S0306,Student_306,63,95,47,205,68.33,B
S0307,Student_307,53,58,55,166,55.33,C
S0308,Student_308,58,90,91,239,79.67,B
S0309,Student_309,55,83,57,195,65.0,B
S0310,Student_310,97,74,75,246,82.0,A
S0311,Student_311,56,73,72,201,67.0,B
S0312,Student_312,61,69,94,224,74.67,B
S0313,Student_313,67,38,83,188,62.67,B
S0314,Student_314,62,81,48,191,63.67,B
S0315,Student_315,52,37,44,133,44.33,C
S0316,Student_316,70,90,96,256,85.33,A
S0317,Student_317,91,32,92,215,71.67,B
S0318,Student_318,74,36,32,142,47.33,C
S0319,Student_319,57,58,66,181,60.33,B
S0320,Student_320,85,59,100,244,81.33,A
S0321,Student_321,74,60,72,206,68.67,B
S0322,Student_322,81,92,86,259,86.33,A
S0323,Student_323,87,38,79,204,68.0,B
S0324,Student_324,100,56,73,229,76.33,B
S0325,Student_325,97,73,93,263,87.67,A
S0326,Student_326,82,49,59,190,63.33,B
S0327,Student_327,73,46,84,203,67.67,B
S0328,Student_328,80,90,57,227,75.67,B
S0329,Student_329,98,94,91,283,94.33,A
S0330,Student_330,93,91,79,263,87.67,A
S0331,Student_331,79,75,32,186,62.0,B
S0332,Student_332,64,52,53,169,56.33,C
S0333,Student_333,79,49,90,218,72.67,B
S0334,Student_334,96,74,44,214,71.33,B
S0335,Student_335,50,94,82,226,75.33,B
S0336,Student_336,42,65,61,168,56.0,C
S0337,Student_337,99,68,40,207,69.0,B
S0338,Student_338,75,48,90,213,71.0,B
S0339,Student_339,71,49,91,211,70.33,B
S0340,Student_340,37,42,93,172,57.33,C
S0341,Student_341,79,42,39,160,53.33,C
S0342,Student_342,91,52,76,219,73.0,B
S0343,Student_343,62,95,66,223,74.33,B
S0344,Student_344,87,84,71,242,80.67,A
S0345,Student_345,54,41,44,139,46.33,C
S0346,Student_346,40,39,49,128,42.67,C
S0347,Student_347,78,92,34,204,68.0,B
S0348,Student_348,43,89,45,177,59.0,C
S0349,Student_349,55,70,94,219,73.0,B
S0350,Student_350,37,99,44,180,60.0,B
S0351,Student_351,56,43,98,197,65.67,B
S0352,Student_352,77,94,54,225,75.0,B
S0353,Student_353,69,72,35,176,58.67,C
S0354,Student_354,30,57,41,128,42.67,C
S0355,Student_355,47,71,30,148,49.33,C
S0356,Student_356,100,54,54,208,69.33,B
S0357,Student_357,91,68,71,230,76.67,B
S0358,Student_358,41,95,52,188,62.67,B
S0359,Student_359,35,63,41,139,46.33,C
S0360,Student_360,73,30,78,181,60.33,B
S0361,Student_361,42,31,33,106,35.33,F
S0362,Student_362,45,90,34,169,56.33,C
S0363,Student_363,71,51,96,218,72.67,B
S0364,Student_364,51,70,57,178,59.33,C
S0365,Student_365,97,95,44,236,78.67,B
S0366,Student_366,94,46,79,219,73.0,B
S0367,Student_367,90,90,77,257,85.67,A
S0368,Student_368,83,68,50,201,67.0,B
S0369,Student_369,80,53,47,180,60.0,B
S0370,Student_370,31,47,95,173,57.67,C
S0371,Student_371,73,65,93,231,77.0,B
S0372,Student_372,50,52,35,137,45.67,C
S0373,Student_373,61,56,80,197,65.67,B
S0374,Student_374,34,50,78,162,54.0,C
S0375,Student_375,47,42,60,149,49.67,C
S0376,Student_376,80,89,42,211,70.33,B
S0377,Student_377,45,37,92,174,58.0,C
S0378,Student_378,44,83,40,167,55.67,C
S0379,Student_379,99,54,51,204,68.0,B
S0380,Student_380,100,59,97,256,85.33,A
S0381,Student_381,42,62,90,194,64.67,B
S0382,Student_382,63,40,100,203,67.67,B
S0383,Student_383,54,39,66,159,53.0,C
S0384,Student_384,53,43,33,129,43.0,C
S0385,Student_385,51,93,83,227,75.67,B
S0386,Student_386,79,58,67,204,68.0,B
S0387,Student_387,59,34,85,178,59.33,C
S0388,Student_388,39,71,56,166,55.33,C
S0389,Student_389,59,81,43,183,61.0,B
S0390,Student_390,88,83,44,215,71.67,B
S0391,Student_391,46,91,38,175,58.33,C
S0392,Student_392,67,67,67,201,67.0,B
S0393,Student_393,57,35,65,157,52.33,C
S0394,Student_394,66,98,86,250,83.33,A
S0395,Student_395,91,58,90,239,79.67,B
S0396,Student_396,48,76,38,162,54.0,C
S0397,Student_397,55,84,93,232,77.33,B
S0398,Student_398,92,82,55,229,76.33,B
S0399,Student_399,91,58,77,226,75.33,B
S0400,Student_400,32,76,52,160,53.33,C
S0401,Student_401,82,87,85,254,84.67,A
S0402,Student_402,60,84,67,211,70.33,B
S0403,Student_403,52,42,31,125,41.67,C
S0404,Student_404,34,45,52,131,43.67,C
S0405,Student_405,95,48,92,235,78.33,B
S0406,Student_406,54,30,37,121,40.33,C
S0407,Student_407,100,70,100,270,90.0,A
S0408,Student_408,82,55,41,178,59.33,C
S0409,Student_409,42,43,52,137,45.67,C
S0410,Student_410,78,99,97,274,91.33,A
S0411,Student_411,63,65,81,209,69.67,B
S0412,Student_412,94,40,60,194,64.67,B
S0413,Student_413,77,50,98,225,75.0,B
S0414,Student_414,35,63,43,141,47.0,C
S0415,Student_415,42,67,48,157,52.33,C
S0416,Student_416,61,77,61,199,66.33,B
S0417,Student_417,58,80,71,209,69.67,B
S0418,Student_418,100,43,48,191,63.67,B
S0419,Student_419,48,54,82,184,61.33,B
S0420,Student_420,84,87,31,202,67.33,B
S0421,Student_421,42,62,54,158,52.67,C
S0422,Student_422,61,67,59,187,62.33,B
S0423,Student_423,96,34,71,201,67.0,B
S0424,Student_424,45,40,46,131,43.67,C
S0425,Student_425,85,84,99,268,89.33,A
S0426,Student_426,95,51,60,206,68.67,B
S0427,Student_427,72,88,91,251,83.67,A
S0428,Student_428,59,38,33,130,43.33,C
S0429,Student_429,82,75,71,228,76.0,B
S0430,Student_430,76,31,95,202,67.33,B
S0431,Student_431,58,82,95,235,78.33,B
S0432,Student_432,97,51,83,231,77.0,B
S0433,Student_433,80,36,85,201,67.0,B
S0434,Student_434,78,97,33,208,69.33,B
S0435,Student_435,40,90,58,188,62.67,B
S0436,Student_436,84,65,65,214,71.33,B
S0437,Student_437,52,40,77,169,56.33,C
S0438,Student_438,85,76,98,259,86.33,A
S0439,Student_439,31,92,72,195,65.0,B
S0440,Student_440,66,95,57,218,72.67,B
S0441,Student_441,97,45,60,202,67.33,B
S0442,Student_442,95,94,63,252,84.0,A
S0443,Student_443,74,98,67,239,79.67,B
S0444,Student_444,72,42,66,180,60.0,B
S0445,Student_445,56,58,68,182,60.67,B
S0446,Student_446,65,64,87,216,72.0,B
S0447,Student_447,74,90,33,197,65.67,B
S0448,Student_448,48,94,46,188,62.67,B
S0449,Student_449,35,85,34,154,51.33,C
S0450,Student_450,82,62,69,213,71.0,B
S0451,Student_451,77,60,87,224,74.67,B
S0452,Student_452,81,74,32,187,62.33,B
S0453,Student_453,64,98,44,206,68.67,B
S0454,Student_454,72,96,51,219,73.0,B
S0455,Student_455,73,45,35,153,51.0,C
S0456,Student_456,51,92,56,199,66.33,B
S0457,Student_457,73,95,33,201,67.0,B
S0458,Student_458,88,52,73,213,71.0,B
S0459,Student_459,77,46,61,184,61.33,B
S0460,Student_460,70,66,67,203,67.67,B
S0461,Student_461,54,52,92,198,66.0,B
S0462,Student_462,46,92,42,180,60.0,B
S0463,Student_463,43,59,48,150,50.0,C
S0464,Student_464,37,90,80,207,69.0,B
S0465,Student_465,77,80,76,233,77.67,B
S0466,Student_466,37,56,53,146,48.67,C
S0467,Student_467,55,44,37,136,45.33,C
S0468,Student_468,72,49,81,202,67.33,B
S0469,Student_469,91,86,53,230,76.67,B
S0470,Student_470,50,76,57,183,61.0,B
S0471,Student_471,70,40,83,193,64.33,B
S0472,Student_472,75,41,95,211,70.33,B
S0473,Student_473,60,84,99,243,81.0,A
S0474,Student_474,32,100,37,169,56.33,C
S0475,Student_475,81,63,78,222,74.0,B
S0476,Student_476,70,57,86,213,71.0,B
S0477,Student_477,61,88,47,196,65.33,B
S0478,Student_478,70,69,45,184,61.33,B
S0479,Student_479,96,62,51,209,69.67,B
S0480,Student_480,52,78,83,213,71.0,B
S0481,Student_481,40,98,65,203,67.67,B
S0482,Student_482,37,34,92,163,54.33,C
S0483,Student_483,95,70,85,250,83.33,A
S0484,Student_484,54,40,52,146,48.67,C
S0485,Student_485,91,65,99,255,85.0,A
S0486,Student_486,96,66,58,220,73.33,B
S0487,Student_487,33,44,93,170,56.67,C
S0488,Student_488,51,40,78,169,56.33,C
S0489,Student_489,59,76,53,188,62.67,B
S0490,Student_490,90,75,92,257,85.67,A
S0491,Student_491,62,66,66,194,64.67,B
S0492,Student_492,99,44,58,201,67.0,B
S0493,Student_493,93,98,53,244,81.33,A
S0494,Student_494,46,46,72,164,54.67,C
S0495,Student_495,92,68,83,243,81.0,A
S0496,Student_496,59,32,47,138,46.0,C
S0497,Student_497,45,39,85,169,56.33,C
S0498,Student_498,73,88,90,251,83.67,A
S0499,Student_499,48,80,98,226,75.33,B
S0500,Student_500,74,51,42,167,55.67,C
S0501,Student_501,94,56,80,230,76.67,B
S0502,Student_502,52,59,48,159,53.0,C
S0503,Student_503,55,45,97,197,65.67,B
S0504,Student_504,62,96,31,189,63.0,B
S0505,Student_505,87,81,45,213,71.0,B
S0506,Student_506,82,75,47,204,68.0,B
S0507,Student_507,49,49,50,148,49.33,C
S0508,Student_508,77,47,32,156,52.0,C
S0509,Student_509,37,64,68,169,56.33,C
S0510,Student_510,87,34,30,151,50.33,C
S0511,Student_511,98,34,34,166,55.33,C
S0512,Student_512,98,64,39,201,67.0,B
S0513,Student_513,54,70,93,217,72.33,B
S0514,Student_514,49,93,94,236,78.67,B
S0515,Student_515,39,42,36,117,39.0,F
S0516,Student_516,40,39,42,121,40.33,C
S0517,Student_517,91,84,81,256,85.33,A
S0518,Student_518,92,46,58,196,65.33,B
S0519,Student_519,37,54,69,160,53.33,C
S0520,Student_520,50,59,47,156,52.0,C
S0521,Student_521,46,100,30,176,58.67,C
S0522,Student_522,42,30,48,120,40.0,C
S0523,Student_523,46,45,45,136,45.33,C
S0524,Student_524,39,65,63,167,55.67,C
S0525,Student_525,73,57,87,217,72.33,B
S0526,Student_526,47,94,64,205,68.33,B
S0527,Student_527,62,80,56,198,66.0,B
S0528,Student_528,55,84,54,193,64.33,B
S0529,Student_529,64,45,60,169,56.33,C
S0530,Student_530,76,91,31,198,66.0,B
S0531,Student_531,57,69,32,158,52.67,C
S0532,Student_532,53,36,38,127,42.33,C
S0533,Student_533,30,54,39,123,41.0,C
S0534,Student_534,63,42,67,172,57.33,C
S0535,Student_535,59,91,85,235,78.33,B
S0536,Student_536,69,81,69,219,73.0,B
S0537,Student_537,74,45,92,211,70.33,B
S0538,Student_538,60,43,66,169,56.33,C
S0539,Student_539,39,30,40,109,36.33,F
S0540,Student_540,95,54,91,240,80.0,A
S0541,Student_541,99,33,77,209,69.67,B
S0542,Student_542,63,96,62,221,73.67,B
S0543,Student_543,86,93,46,225,75.0,B
S0544,Student_544,64,80,86,230,76.67,B
S0545,Student_545,43,69,68,180,60.0,B
S0546,Student_546,66,61,69,196,65.33,B
S0547,Student_547,67,49,88,204,68.0,B
S0548,Student_548,57,60,85,202,67.33,B
S0549,Student_549,30,52,92,174,58.0,C
S0550,Student_550,59,55,93,207,69.0,B
S0551,Student_551,94,68,80,242,80.67,A
S0552,Student_552,75,54,99,228,76.0,B
S0553,Student_553,51,81,81,213,71.0,B
S0554,Student_554,61,98,41,200,66.67,B
S0555,Student_555,58,33,81,172,57.33,C
S0556,Student_556,42,64,33,139,46.33,C
S0557,Student_557,95,76,53,224,74.67,B
S0558,Student_558,87,48,41,176,58.67,C
S0559,Student_559,46,75,98,219,73.0,B
S0560,Student_560,42,76,60,178,59.33,C
S0561,Student_561,92,60,53,205,68.33,B
S0562,Student_562,81,47,79,207,69.0,B
S0563,Student_563,72,84,30,186,62.0,B
S0564,Student_564,66,49,69,184,61.33,B
S0565,Student_565,34,43,52,129,43.0,C
S0566,Student_566,70,40,53,163,54.33,C
S0567,Student_567,44,44,60,148,49.33,C
S0568,Student_568,63,96,82,241,80.33,A
S0569,Student_569,86,56,76,218,72.67,B
S0570,Student_570,44,60,67,171,57.0,C
S0571,Student_571,90,77,37,204,68.0,B
S0572,Student_572,77,92,58,227,75.67,B
S0573,Student_573,96,33,43,172,57.33,C
S0574,Student_574,80,30,53,163,54.33,C
S0575,Student_575,77,78,66,221,73.67,B
S0576,Student_576,87,83,89,259,86.33,A
S0577,Student_577,67,94,77,238,79.33,B
S0578,Student_578,50,88,79,217,72.33,B
S0579,Student_579,75,74,57,206,68.67,B
S0580,Student_580,54,84,36,174,58.0,C
S0581,Student_581,70,78,80,228,76.0,B
S0582,Student_582,95,79,79,253,84.33,A
S0583,Student_583,76,66,87,229,76.33,B
S0584,Student_584,38,50,68,156,52.0,C
S0585,Student_585,56,79,81,216,72.0,B
S0586,Student_586,89,53,39,181,60.33,B
S0587,Student_587,74,38,74,186,62.0,B
S0588,Student_588,67,33,84,184,61.33,B
S0589,Student_589,31,63,95,189,63.0,B
S0590,Student_590,50,52,69,171,57.0,C
S0591,Student_591,82,91,50,223,74.33,B
S0592,Student_592,97,70,96,263,87.67,A
S0593,Student_593,78,95,92,265,88.33,A
S0594,Student_594,30,48,100,178,59.33,C
S0595,Student_595,92,73,48,213,71.0,B
S0596,Student_596,42,64,87,193,64.33,B
S0597,Student_597,65,97,75,237,79.0,B
S0598,Student_598,89,41,94,224,74.67,B
S0599,Student_599,59,49,59,167,55.67,C
S0600,Student_600,72,73,42,187,62.33,B
S0601,Student_601,88,91,45,224,74.67,B
S0602,Student_602,41,58,85,184,61.33,B
S0603,Student_603,39,85,78,202,67.33,B
S0604,Student_604,71,89,33,193,64.33,B
S0605,Student_605,94,50,50,194,64.67,B
S0606,Student_606,72,70,93,235,78.33,B
S0607,Student_607,76,80,90,246,82.0,A
S0608,Student_608,76,84,92,252,84.0,A
S0609,Student_609,30,73,49,152,50.67,C
S0610,Student_610,91,45,88,224,74.67,B
S0611,Student_611,42,35,96,173,57.67,C
S0612,Student_612,68,62,74,204,68.0,B
S0613,Student_613,32,54,56,142,47.33,C
S0614,Student_614,65,84,48,197,65.67,B
S0615,Student_615,62,46,78,186,62.0,B
S0616,Student_616,55,71,82,208,69.33,B
S0617,Student_617,38,49,63,150,50.0,C
S0618,Student_618,64,77,94,235,78.33,B
S0619,Student_619,30,92,46,168,56.0,C
S0620,Student_620,73,96,64,233,77.67,B
S0621,Student_621,44,62,88,194,64.67,B
S0622,Student_622,89,62,70,221,73.67,B
S0623,Student_623,98,44,42,184,61.33,B
S0624,Student_624,93,67,87,247,82.33,A
S0625,Student_625,77,55,41,173,57.67,C
S0626,Student_626,47,59,38,144,48.0,C
S0627,Student_627,65,38,36,139,46.33,C
S0628,Student_628,64,92,45,201,67.0,B
S0629,Student_629,31,62,86,179,59.67,C
S0630,Student_630,30,69,69,168,56.0,C
S0631,Student_631,59,77,33,169,56.33,C
S0632,Student_632,71,95,51,217,72.33,B
S0633,Student_633,60,57,93,210,70.0,B
S0634,Student_634,78,80,37,195,65.0,B
S0635,Student_635,52,100,94,246,82.0,A
S0636,Student_636,77,70,58,205,68.33,B
S0637,Student_637,79,78,84,241,80.33,A
S0638,Student_638,93,36,68,197,65.67,B
S0639,Student_639,52,49,67,168,56.0,C
S0640,Student_640,37,34,85,156,52.0,C
S0641,Student_641,56,50,74,180,60.0,B
S0642,Student_642,37,48,40,125,41.67,C
S0643,Student_643,48,79,43,170,56.67,C
S0644,Student_644,98,60,54,212,70.67,B
S0645,Student_645,63,38,46,147,49.0,C
S0646,Student_646,67,44,72,183,61.0,B
S0647,Student_647,95,35,58,188,62.67,B
S0648,Student_648,83,59,77,219,73.0,B
S0649,Student_649,47,63,95,205,68.33,B
S0650,Student_650,80,54,52,186,62.0,B
S0651,Student_651,81,69,84,234,78.0,B
S0652,Student_652,44,74,33,151,50.33,C
S0653,Student_653,96,59,72,227,75.67,B
S0654,Student_654,37,74,61,172,57.33,C
S0655,Student_655,73,64,35,172,57.33,C
S0656,Student_656,58,95,83,236,78.67,B
S0657,Student_657,60,99,73,232,77.33,B
S0658,Student_658,31,49,79,159,53.0,C
S0659,Student_659,59,32,71,162,54.0,C
S0660,Student_660,46,51,40,137,45.67,C
S0661,Student_661,57,75,43,175,58.33,C
S0662,Student_662,69,55,59,183,61.0,B
S0663,Student_663,72,87,78,237,79.0,B
S0664,Student_664,60,44,66,170,56.67,C
S0665,Student_665,68,64,43,175,58.33,C
S0666,Student_666,62,45,35,142,47.33,C
S0667,Student_667,30,30,33,93,31.0,F
S0668,Student_668,56,84,68,208,69.33,B
S0669,Student_669,94,47,100,241,80.33,A
S0670,Student_670,88,40,61,189,63.0,B
S0671,Student_671,56,89,66,211,70.33,B
S0672,Student_672,89,72,36,197,65.67,B
S0673,Student_673,71,30,96,197,65.67,B
S0674,Student_674,95,47,53,195,65.0,B
S0675,Student_675,82,38,38,158,52.67,C
S0676,Student_676,79,56,90,225,75.0,B
S0677,Student_677,73,32,72,177,59.0,C
S0678,Student_678,47,38,74,159,53.0,C
S0679,Student_679,32,53,93,178,59.33,C
S0680,Student_680,92,41,94,227,75.67,B
S0681,Student_681,73,92,39,204,68.0,B
S0682,Student_682,37,53,37,127,42.33,C
S0683,Student_683,62,40,61,163,54.33,C
S0684,Student_684,30,30,50,110,36.67,F
S0685,Student_685,75,61,32,168,56.0,C
S0686,Student_686,60,45,32,137,45.67,C
S0687,Student_687,61,86,58,205,68.33,B
S0688,Student_688,51,32,84,167,55.67,C
S0689,Student_689,35,86,42,163,54.33,C
S0690,Student_690,82,80,53,215,71.67,B
S0691,Student_691,46,43,59,148,49.33,C
S0692,Student_692,52,55,40,147,49.0,C
S0693,Student_693,99,74,44,217,72.33,B
S0694,Student_694,51,76,61,188,62.67,B
S0695,Student_695,77,70,33,180,60.0,B
S0696,Student_696,47,70,99,216,72.0,B
S0697,Student_697,69,42,45,156,52.0,C
S0698,Student_698,74,77,86,237,79.0,B
S0699,Student_699,65,66,80,211,70.33,B
S0700,Student_700,81,92,50,223,74.33,B
S0701,Student_701,45,36,30,111,37.0,F
S0702,Student_702,60,47,41,148,49.33,C
S0703,Student_703,51,60,89,200,66.67,B
S0704,Student_704,79,97,71,247,82.33,A
S0705,Student_705,39,93,61,193,64.33,B
S0706,Student_706,65,34,97,196,65.33,B
S0707,Student_707,58,73,88,219,73.0,B
S0708,Student_708,53,100,79,232,77.33,B
S0709,Student_709,74,92,59,225,75.0,B
S0710,Student_710,78,52,54,184,61.33,B
S0711,Student_711,87,59,36,182,60.67,B
S0712,Student_712,93,71,71,235,78.33,B
S0713,Student_713,35,73,39,147,49.0,C
S0714,Student_714,81,34,91,206,68.67,B
S0715,Student_715,68,95,69,232,77.33,B
S0716,Student_716,50,98,53,201,67.0,B
S0717,Student_717,100,74,33,207,69.0,B
S0718,Student_718,49,70,72,191,63.67,B
S0719,Student_719,76,74,49,199,66.33,B
S0720,Student_720,68,36,61,165,55.0,C
S0721,Student_721,52,76,73,201,67.0,B
S0722,Student_722,100,54,86,240,80.0,A
S0723,Student_723,41,99,64,204,68.0,B
S0724,Student_724,73,68,43,184,61.33,B
S0725,Student_725,64,86,100,250,83.33,A
S0726,Student_726,87,92,48,227,75.67,B
S0727,Student_727,62,91,82,235,78.33,B
S0728,Student_728,44,79,86,209,69.67,B
S0729,Student_729,37,58,55,150,50.0,C
S0730,Student_730,98,50,76,224,74.67,B
S0731,Student_731,30,47,91,168,56.0,C
S0732,Student_732,41,96,83,220,73.33,B
S0733,Student_733,75,91,88,254,84.67,A
S0734,Student_734,39,88,41,168,56.0,C
S0735,Student_735,36,60,44,140,46.67,C
S0736,Student_736,35,63,46,144,48.0,C
S0737,Student_737,90,83,62,235,78.33,B
S0738,Student_738,72,73,85,230,76.67,B
S0739,Student_739,54,37,84,175,58.33,C
S0740,Student_740,68,75,68,211,70.33,B
S0741,Student_741,38,41,63,142,47.33,C
S0742,Student_742,63,43,38,144,48.0,C
S0743,Student_743,75,65,60,200,66.67,B
S0744,Student_744,74,86,68,228,76.0,B
S0745,Student_745,40,81,39,160,53.33,C
S0746,Student_746,54,94,72,220,73.33,B
S0747,Student_747,96,62,72,230,76.67,B
S0748,Student_748,40,40,53,133,44.33,C
S0749,Student_749,65,36,82,183,61.0,B
S0750,Student_750,76,66,75,217,72.33,B
S0751,Student_751,62,80,88,230,76.67,B
S0752,Student_752,56,49,94,199,66.33,B
S0753,Student_753,98,94,42,234,78.0,B
S0754,Student_754,46,94,67,207,69.0,B
S0755,Student_755,77,96,37,210,70.0,B
S0756,Student_756,87,97,67,251,83.67,A
S0757,Student_757,30,31,83,144,48.0,C
S0758,Student_758,86,44,59,189,63.0,B
S0759,Student_759,70,65,32,167,55.67,C
S0760,Student_760,63,87,30,180,60.0,B
S0761,Student_761,59,64,83,206,68.67,B
S0762,Student_762,35,62,67,164,54.67,C
S0763,Student_763,70,99,50,219,73.0,B
S0764,Student_764,37,64,65,166,55.33,C
S0765,Student_765,36,85,73,194,64.67,B
S0766,Student_766,47,98,98,243,81.0,A
S0767,Student_767,78,82,90,250,83.33,A
S0768,Student_768,30,51,86,167,55.67,C
S0769,Student_769,84,35,78,197,65.67,B
S0770,Student_770,83,42,56,181,60.33,B
S0771,Student_771,39,73,48,160,53.33,C
S0772,Student_772,97,80,89,266,88.67,A
S0773,Student_773,51,41,96,188,62.67,B
S0774,Student_774,72,67,46,185,61.67,B
S0775,Student_775,35,50,82,167,55.67,C
S0776,Student_776,42,70,36,148,49.33,C
S0777,Student_777,60,75,63,198,66.0,B
S0778,Student_778,60,34,51,145,48.33,C
S0779,Student_779,60,49,61,170,56.67,C
S0780,Student_780,89,91,58,238,79.33,B
S0781,Student_781,63,82,39,184,61.33,B
S0782,Student_782,47,59,57,163,54.33,C
S0783,Student_783,85,91,63,239,79.67,B
S0784,Student_784,89,77,97,263,87.67,A
S0785,Student_785,50,80,91,221,73.67,B
S0786,Student_786,42,51,65,158,52.67,C
S0787,Student_787,53,100,61,214,71.33,B
S0788,Student_788,56,65,88,209,69.67,B
S0789,Student_789,74,36,54,164,54.67,C
S0790,Student_790,77,48,65,190,63.33,B
S0791,Student_791,45,83,84,212,70.67,B
S0792,Student_792,66,42,58,166,55.33,C
S0793,Student_793,59,73,81,213,71.0,B
S0794,Student_794,77,33,38,148,49.33,C
S0795,Student_795,72,38,56,166,55.33,C
S0796,Student_796,76,71,75,222,74.0,B
S0797,Student_797,73,41,98,212,70.67,B
S0798,Student_798,74,100,54,228,76.0,B
S0799,Student_799,100,63,41,204,68.0,B
S0800,Student_800,75,76,44,195,65.0,B
S0801,Student_801,63,47,100,210,70.0,B
S0802,Student_802,87,52,72,211,70.33,B
S0803,Student_803,42,95,46,183,61.0,B
S0804,Student_804,47,91,65,203,67.67,B
S0805,Student_805,86,96,34,216,72.0,B
S0806,Student_806,79,34,70,183,61.0,B
S0807,Student_807,87,62,61,210,70.0,B
S0808,Student_808,64,59,99,222,74.0,B
S0809,Student_809,56,60,78,194,64.67,B
S0810,Student_810,74,54,88,216,72.0,B
S0811,Student_811,97,93,55,245,81.67,A
S0812,Student_812,38,40,52,130,43.33,C
S0813,Student_813,46,95,48,189,63.0,B
S0814,Student_814,50,92,82,224,74.67,B
S0815,Student_815,89,70,94,253,84.33,A
S0816,Student_816,99,96,38,233,77.67,B
S0817,Student_817,61,49,83,193,64.33,B
S0818,Student_818,41,36,41,118,39.33,F
S0819,Student_819,68,70,95,233,77.67,B
S0820,Student_820,69,78,48,195,65.0,B
S0821,Student_821,80,98,37,215,71.67,B
S0822,Student_822,67,48,95,210,70.0,B
S0823,Student_823,33,38,53,124,41.33,C
S0824,Student_824,52,92,48,192,64.0,B
S0825,Student_825,98,39,70,207,69.0,B
S0826,Student_826,55,31,53,139,46.33,C
S0827,Student_827,41,69,68,178,59.33,C
S0828,Student_828,100,56,44,200,66.67,B
S0829,Student_829,96,40,31,167,55.67,C
S0830,Student_830,88,33,47,168,56.0,C
S0831,Student_831,76,68,66,210,70.0,B
S0832,Student_832,59,98,34,191,63.67,B
S0833,Student_833,90,79,57,226,75.33,B
S0834,Student_834,88,64,99,251,83.67,A
S0835,Student_835,41,47,47,135,45.0,C
S0836,Student_836,92,46,79,217,72.33,B
S0837,Student_837,96,52,32,180,60.0,B
S0838,Student_838,81,98,69,248,82.67,A
S0839,Student_839,76,90,88,254,84.67,A
S0840,Student_840,52,56,93,201,67.0,B
S0841,Student_841,94,39,78,211,70.33,B
S0842,Student_842,76,50,100,226,75.33,B
S0843,Student_843,45,97,72,214,71.33,B
S0844,Student_844,92,36,63,191,63.67,B
S0845,Student_845,50,65,64,179,59.67,C
S0846,Student_846,71,43,72,186,62.0,B
S0847,Student_847,48,89,59,196,65.33,B
S0848,Student_848,87,39,75,201,67.0,B
S0849,Student_849,38,41,68,147,49.0,C
S0850,Student_850,59,33,82,174,58.0,C
S0851,Student_851,87,36,76,199,66.33,B
S0852,Student_852,71,48,77,196,65.33,B
S0853,Student_853,71,89,60,220,73.33,B
S0854,Student_854,52,98,59,209,69.67,B
S0855,Student_855,90,84,79,253,84.33,A
S0856,Student_856,91,63,71,225,75.0,B
S0857,Student_857,81,39,32,152,50.67,C
S0858,Student_858,85,73,31,189,63.0,B
S0859,Student_859,78,44,99,221,73.67,B
S0860,Student_860,84,69,76,229,76.33,B
S0861,Student_861,89,77,92,258,86.0,A
S0862,Student_862,71,74,59,204,68.0,B
S0863,Student_863,48,37,88,173,57.67,C
S0864,Student_864,63,98,87,248,82.67,A
S0865,Student_865,34,50,32,116,38.67,F
S0866,Student_866,92,98,87,277,92.33,A
S0867,Student_867,36,60,80,176,58.67,C
S0868,Student_868,66,88,65,219,73.0,B
S0869,Student_869,77,50,63,190,63.33,B
S0870,Student_870,56,85,76,217,72.33,B
S0871,Student_871,44,39,82,165,55.0,C
S0872,Student_872,48,65,51,164,54.67,C
S0873,Student_873,64,36,53,153,51.0,C
S0874,Student_874,86,60,67,213,71.0,B
S0875,Student_875,39,72,71,182,60.67,B
S0876,Student_876,48,36,54,138,46.0,C
S0877,Student_877,85,67,84,236,78.67,B
S0878,Student_878,45,30,82,157,52.33,C
S0879,Student_879,65,34,43,142,47.33,C
S0880,Student_880,40,78,89,207,69.0,B
S0881,Student_881,46,82,85,213,71.0,B
S0882,Student_882,44,90,89,223,74.33,B
S0883,Student_883,97,69,67,233,77.67,B
S0884,Student_884,52,39,97,188,62.67,B
S0885,Student_885,66,77,64,207,69.0,B
S0886,Student_886,92,34,68,194,64.67,B
S0887,Student_887,48,100,98,246,82.0,A
S0888,Student_888,50,41,34,125,41.67,C
S0889,Student_889,64,75,49,188,62.67,B
S0890,Student_890,50,32,66,148,49.33,C
S0891,Student_891,87,78,65,230,76.67,B
S0892,Student_892,74,93,55,222,74.0,B
S0893,Student_893,96,69,34,199,66.33,B
S0894,Student_894,73,69,51,193,64.33,B
S0895,Student_895,46,38,96,180,60.0,B
S0896,Student_896,79,68,32,179,59.67,C
S0897,Student_897,60,35,83,178,59.33,C
S0898,Student_898,59,97,53,209,69.67,B
S0899,Student_899,77,34,39,150,50.0,C
S0900,Student_900,44,76,86,206,68.67,B
S0901,Student_901,67,60,66,193,64.33,B
S0902,Student_902,98,53,36,187,62.33,B
S0903,Student_903,38,51,44,133,44.33,C
S0904,Student_904,73,35,89,197,65.67,B
S0905,Student_905,78,52,93,223,74.33,B
S0906,Student_906,41,67,99,207,69.0,B
S0907,Student_907,67,68,60,195,65.0,B
S0908,Student_908,74,58,93,225,75.0,B
S0909,Student_909,99,54,58,211,70.33,B
S0910,Student_910,88,81,86,255,85.0,A
S0911,Student_911,98,33,77,208,69.33,B
S0912,Student_912,59,69,33,161,53.67,C
S0913,Student_913,92,45,80,217,72.33,B
S0914,Student_914,36,83,70,189,63.0,B
S0915,Student_915,57,36,68,161,53.67,C
S0916,Student_916,70,92,87,249,83.0,A
S0917,Student_917,31,56,92,179,59.67,C
S0918,Student_918,78,56,73,207,69.0,B
S0919,Student_919,55,43,63,161,53.67,C
S0920,Student_920,45,81,69,195,65.0,B
S0921,Student_921,79,87,51,217,72.33,B
S0922,Student_922,76,65,98,239,79.67,B
S0923,Student_923,54,33,83,170,56.67,C
S0924,Student_924,97,60,73,230,76.67,B
S0925,Student_925,62,47,80,189,63.0,B
S0926,Student_926,46,64,72,182,60.67,B
S0927,Student_927,32,61,33,126,42.0,C
S0928,Student_928,55,63,60,178,59.33,C
S0929,Student_929,47,60,34,141,47.0,C
S0930,Student_930,70,66,74,210,70.0,B
S0931,Student_931,100,65,37,202,67.33,B
S0932,Student_932,67,93,91,251,83.67,A
S0933,Student_933,92,80,31,203,67.67,B
S0934,Student_934,41,66,70,177,59.0,C
S0935,Student_935,58,74,63,195,65.0,B
S0936,Student_936,56,41,58,155,51.67,C
S0937,Student_937,79,80,40,199,66.33,B
S0938,Student_938,35,47,64,146,48.67,C
S0939,Student_939,82,79,60,221,73.67,B
S0940,Student_940,81,33,79,193,64.33,B
S0941,Student_941,43,47,87,177,59.0,C
S0942,Student_942,78,89,85,252,84.0,A
S0943,Student_943,45,62,53,160,53.33,C
S0944,Student_944,37,36,52,125,41.67,C
S0945,Student_945,92,68,37,197,65.67,B
S0946,Student_946,80,47,73,200,66.67,B
S0947,Student_947,30,51,32,113,37.67,F
S0948,Student_948,76,80,46,202,67.33,B
S0949,Student_949,76,68,70,214,71.33,B
S0950,Student_950,37,35,53,125,41.67,C
S0951,Student_951,40,64,97,201,67.0,B
S0952,Student_952,53,68,72,193,64.33,B
S0953,Student_953,99,77,64,240,80.0,A
S0954,Student_954,58,77,33,168,56.0,C
S0955,Student_955,72,86,94,252,84.0,A
S0956,Student_956,98,80,43,221,73.67,B
S0957,Student_957,83,88,89,260,86.67,A
S0958,Student_958,76,88,80,244,81.33,A
S0959,Student_959,72,72,54,198,66.0,B
S0960,Student_960,59,99,74,232,77.33,B
S0961,Student_961,83,67,55,205,68.33,B
S0962,Student_962,60,32,99,191,63.67,B
S0963,Student_963,91,86,63,240,80.0,A
S0964,Student_964,72,47,59,178,59.33,C
S0965,Student_965,46,46,30,122,40.67,C
S0966,Student_966,40,32,52,124,41.33,C
S0967,Student_967,67,70,60,197,65.67,B
S0968,Student_968,45,75,86,206,68.67,B
S0969,Student_969,31,57,42,130,43.33,C
S0970,Student_970,59,72,38,169,56.33,C
S0971,Student_971,66,46,75,187,62.33,B
S0972,Student_972,65,65,82,212,70.67,B
S0973,Student_973,44,53,31,128,42.67,C
S0974,Student_974,36,68,42,146,48.67,C
S0975,Student_975,35,80,32,147,49.0,C
S0976,Student_976,61,100,49,210,70.0,B
S0977,Student_977,80,83,79,242,80.67,A
S0978,Student_978,96,75,79,250,83.33,A
S0979,Student_979,70,63,77,210,70.0,B
S0980,Student_980,51,91,82,224,74.67,B
S0981,Student_981,81,44,48,173,57.67,C
S0982,Student_982,81,93,64,238,79.33,B
S0983,Student_983,67,98,88,253,84.33,A
S0984,Student_984,70,51,68,189,63.0,B
S0985,Student_985,62,70,34,166,55.33,C
S0986,Student_986,53,62,47,162,54.0,C
S0987,Student_987,31,73,72,176,58.67,C
S0988,Student_988,76,81,38,195,65.0,B
S0989,Student_989,81,85,97,263,87.67,A
S0990,Student_990,74,87,64,225,75.0,B
S0991,Student_991,88,88,100,276,92.0,A
S0992,Student_992,97,87,94,278,92.67,A
S0993,Student_993,54,49,93,196,65.33,B
S0994,Student_994,31,78,68,177,59.0,C
S0995,Student_995,81,59,78,218,72.67,B
S0996,Student_996,45,65,76,186,62.0,B
S0997,Student_997,81,31,45,157,52.33,C
S0998,Student_998,34,82,87,203,67.67,B
S0999,Student_999,83,50,51,184,61.33,B
S1000,Student_1000,56,68,76,200,66.67,B
S1001,Student_1001,67,76,93,236,78.67,B
S1002,Student_1002,65,43,67,175,58.33,C
S1003,Student_1003,67,36,41,144,48.0,C
S1004,Student_1004,90,94,53,237,79.0,B
S1005,Student_1005,75,78,94,247,82.33,A
S1006,Student_1006,43,45,93,181,60.33,B
S1007,Student_1007,51,41,100,192,64.0,B
S1008,Student_1008,30,39,46,115,38.33,F
S1009,Student_1009,55,50,54,159,53.0,C
S1010,Student_1010,99,88,50,237,79.0,B
S1011,Student_1011,44,100,91,235,78.33,B
S1012,Student_1012,32,41,56,129,43.0,C
S1013,Student_1013,100,78,73,251,83.67,A
S1014,Student_1014,61,75,57,193,64.33,B
S1015,Student_1015,42,75,80,197,65.67,B
S1016,Student_1016,81,57,59,197,65.67,B
S1017,Student_1017,66,77,93,236,78.67,B
S1018,Student_1018,65,57,76,198,66.0,B
S1019,Student_1019,30,73,46,149,49.67,C
S1020,Student_1020,49,57,41,147,49.0,C
S1021,Student_1021,56,91,55,202,67.33,B
S1022,Student_1022,71,45,75,191,63.67,B
S1023,Student_1023,52,58,46,156,52.0,C
S1024,Student_1024,41,59,84,184,61.33,B
S1025,Student_1025,34,93,49,176,58.67,C
S1026,Student_1026,81,71,56,208,69.33,B
S1027,Student_1027,49,65,32,146,48.67,C
S1028,Student_1028,92,32,66,190,63.33,B
S1029,Student_1029,58,42,62,162,54.0,C
S1030,Student_1030,68,48,40,156,52.0,C
S1031,Student_1031,52,30,34,116,38.67,F
S1032,Student_1032,95,64,46,205,68.33,B
S1033,Student_1033,60,35,43,138,46.0,C
S1034,Student_1034,65,40,37,142,47.33,C
S1035,Student_1035,74,94,68,236,78.67,B
S1036,Student_1036,93,72,66,231,77.0,B
S1037,Student_1037,66,87,48,201,67.0,B
S1038,Student_1038,36,78,53,167,55.67,C
S1039,Student_1039,89,72,78,239,79.67,B
S1040,Student_1040,43,42,37,122,40.67,C
S1041,Student_1041,85,48,85,218,72.67,B
S1042,Student_1042,80,32,54,166,55.33,C
S1043,Student_1043,92,68,56,216,72.0,B
S1044,Student_1044,43,46,99,188,62.67,B
S1045,Student_1045,61,64,48,173,57.67,C
S1046,Student_1046,54,85,45,184,61.33,B
S1047,Student_1047,57,99,35,191,63.67,B
S1048,Student_1048,86,93,77,256,85.33,A
S1049,Student_1049,65,37,38,140,46.67,C
S1050,Student_1050,90,57,56,203,67.67,B
S1051,Student_1051,32,83,41,156,52.0,C
S1052,Student_1052,52,45,39,136,45.33,C
S1053,Student_1053,66,72,38,176,58.67,C
S1054,Student_1054,62,61,59,182,60.67,B
S1055,Student_1055,86,40,66,192,64.0,B
S1056,Student_1056,63,63,32,158,52.67,C
S1057,Student_1057,50,81,35,166,55.33,C
S1058,Student_1058,60,46,88,194,64.67,B
S1059,Student_1059,71,92,73,236,78.67,B
S1060,Student_1060,77,79,77,233,77.67,B
S1061,Student_1061,31,72,84,187,62.33,B
S1062,Student_1062,38,31,68,137,45.67,C
S1063,Student_1063,41,67,35,143,47.67,C
S1064,Student_1064,66,86,94,246,82.0,A
S1065,Student_1065,79,90,84,253,84.33,A
S1066,Student_1066,30,85,30,145,48.33,C
S1067,Student_1067,75,51,41,167,55.67,C
S1068,Student_1068,71,82,37,190,63.33,B
S1069,Student_1069,92,79,61,232,77.33,B
S1070,Student_1070,84,75,63,222,74.0,B
S1071,Student_1071,39,54,64,157,52.33,C
S1072,Student_1072,61,70,84,215,71.67,B
S1073,Student_1073,39,43,94,176,58.67,C
S1074,Student_1074,47,77,77,201,67.0,B
S1075,Student_1075,37,68,94,199,66.33,B
S1076,Student_1076,42,93,48,183,61.0,B
S1077,Student_1077,86,34,80,200,66.67,B
S1078,Student_1078,78,35,67,180,60.0,B
S1079,Student_1079,57,65,69,191,63.67,B
S1080,Student_1080,96,87,82,265,88.33,A
S1081,Student_1081,46,66,43,155,51.67,C
S1082,Student_1082,92,69,83,244,81.33,A
S1083,Student_1083,63,76,30,169,56.33,C
S1084,Student_1084,52,49,69,170,56.67,C
S1085,Student_1085,75,95,62,232,77.33,B
S1086,Student_1086,44,69,85,198,66.0,B
S1087,Student_1087,70,45,49,164,54.67,C
S1088,Student_1088,42,62,37,141,47.0,C
S1089,Student_1089,49,31,93,173,57.67,C
S1090,Student_1090,39,35,66,140,46.67,C
S1091,Student_1091,33,95,42,170,56.67,C
S1092,Student_1092,42,89,92,223,74.33,B
S1093,Student_1093,90,76,80,246,82.0,A
S1094,Student_1094,32,91,60,183,61.0,B
S1095,Student_1095,52,85,34,171,57.0,C
S1096,Student_1096,49,78,95,222,74.0,B
S1097,Student_1097,80,42,77,199,66.33,B
S1098,Student_1098,89,79,64,232,77.33,B
S1099,Student_1099,31,44,49,124,41.33,C
S1100,Student_1100,76,56,68,200,66.67,B
S1101,Student_1101,86,41,69,196,65.33,B
S1102,Student_1102,91,32,75,198,66.0,B
S1103,Student_1103,45,69,35,149,49.67,C
S1104,Student_1104,33,52,58,143,47.67,C
S1105,Student_1105,39,69,42,150,50.0,C
S1106,Student_1106,35,59,49,143,47.67,C
S1107,Student_1107,80,50,40,170,56.67,C
S1108,Student_1108,72,59,36,167,55.67,C
S1109,Student_1109,75,61,74,210,70.0,B
S1110,Student_1110,89,78,62,229,76.33,B
S1111,Student_1111,57,57,94,208,69.33,B
S1112,Student_1112,48,41,72,161,53.67,C
S1113,Student_1113,77,77,98,252,84.0,A
S1114,Student_1114,99,60,32,191,63.67,B
S1115,Student_1115,49,86,81,216,72.0,B
S1116,Student_1116,68,61,84,213,71.0,B
S1117,Student_1117,35,63,37,135,45.0,C
S1118,Student_1118,67,50,51,168,56.0,C
S1119,Student_1119,97,36,86,219,73.0,B
S1120,Student_1120,80,89,74,243,81.0,A
S1121,Student_1121,67,37,35,139,46.33,C
S1122,Student_1122,60,72,36,168,56.0,C
S1123,Student_1123,30,50,81,161,53.67,C
S1124,Student_1124,38,84,55,177,59.0,C
S1125,Student_1125,65,45,88,198,66.0,B
S1126,Student_1126,58,84,65,207,69.0,B
S1127,Student_1127,82,80,68,230,76.67,B
S1128,Student_1128,31,98,33,162,54.0,C
S1129,Student_1129,42,34,52,128,42.67,C
S1130,Student_1130,91,76,71,238,79.33,B
S1131,Student_1131,32,82,82,196,65.33,B
S1132,Student_1132,71,57,30,158,52.67,C
S1133,Student_1133,61,95,39,195,65.0,B
S1134,Student_1134,42,48,74,164,54.67,C
S1135,Student_1135,70,54,69,193,64.33,B
S1136,Student_1136,88,87,48,223,74.33,B
S1137,Student_1137,85,52,77,214,71.33,B
S1138,Student_1138,80,47,37,164,54.67,C
S1139,Student_1139,85,30,48,163,54.33,C
S1140,Student_1140,50,56,52,158,52.67,C
S1141,Student_1141,81,56,77,214,71.33,B
S1142,Student_1142,58,100,56,214,71.33,B
S1143,Student_1143,67,78,63,208,69.33,B
S1144,Student_1144,35,99,78,212,70.67,B
S1145,Student_1145,33,95,32,160,53.33,C
S1146,Student_1146,62,91,56,209,69.67,B
S1147,Student_1147,67,79,60,206,68.67,B
S1148,Student_1148,41,48,88,177,59.0,C
S1149,Student_1149,52,75,90,217,72.33,B
S1150,Student_1150,65,71,45,181,60.33,B
S1151,Student_1151,86,99,96,281,93.67,A
S1152,Student_1152,49,46,67,162,54.0,C
S1153,Student_1153,51,46,49,146,48.67,C
S1154,Student_1154,90,75,48,213,71.0,B
S1155,Student_1155,52,35,47,134,44.67,C
S1156,Student_1156,44,100,75,219,73.0,B
S1157,Student_1157,41,52,90,183,61.0,B
S1158,Student_1158,99,49,33,181,60.33,B
S1159,Student_1159,62,78,61,201,67.0,B
S1160,Student_1160,79,86,67,232,77.33,B
S1161,Student_1161,84,85,78,247,82.33,A
S1162,Student_1162,98,47,54,199,66.33,B
S1163,Student_1163,56,73,75,204,68.0,B
S1164,Student_1164,95,97,97,289,96.33,A
S1165,Student_1165,65,62,89,216,72.0,B
S1166,Student_1166,40,95,65,200,66.67,B
S1167,Student_1167,37,41,62,140,46.67,C
S1168,Student_1168,53,89,51,193,64.33,B
S1169,Student_1169,84,51,52,187,62.33,B
S1170,Student_1170,32,70,46,148,49.33,C
S1171,Student_1171,83,90,44,217,72.33,B
S1172,Student_1172,99,52,98,249,83.0,A
S1173,Student_1173,86,65,52,203,67.67,B
S1174,Student_1174,68,34,34,136,45.33,C
S1175,Student_1175,86,62,33,181,60.33,B
S1176,Student_1176,86,100,100,286,95.33,A
S1177,Student_1177,36,73,75,184,61.33,B
S1178,Student_1178,41,84,64,189,63.0,B
S1179,Student_1179,54,91,43,188,62.67,B
S1180,Student_1180,67,50,49,166,55.33,C
S1181,Student_1181,79,73,43,195,65.0,B
S1182,Student_1182,47,73,82,202,67.33,B
S1183,Student_1183,97,89,100,286,95.33,A
S1184,Student_1184,39,58,62,159,53.0,C
S1185,Student_1185,82,36,34,152,50.67,C
S1186,Student_1186,47,47,62,156,52.0,C
S1187,Student_1187,60,78,37,175,58.33,C
S1188,Student_1188,78,74,83,235,78.33,B
S1189,Student_1189,81,100,72,253,84.33,A
S1190,Student_1190,71,85,66,222,74.0,B
S1191,Student_1191,86,69,94,249,83.0,A
S1192,Student_1192,94,78,60,232,77.33,B
S1193,Student_1193,62,60,40,162,54.0,C
S1194,Student_1194,94,76,75,245,81.67,A
S1195,Student_1195,81,48,43,172,57.33,C
S1196,Student_1196,65,60,53,178,59.33,C
S1197,Student_1197,31,80,98,209,69.67,B
S1198,Student_1198,33,57,100,190,63.33,B
S1199,Student_1199,79,69,97,245,81.67,A
S1200,Student_1200,88,75,87,250,83.33,A
S1201,Student_1201,59,93,54,206,68.67,B
S1202,Student_1202,35,58,68,161,53.67,C
S1203,Student_1203,57,77,49,183,61.0,B
S1204,Student_1204,97,66,72,235,78.33,B
S1205,Student_1205,71,39,43,153,51.0,C
S1206,Student_1206,59,89,77,225,75.0,B
S1207,Student_1207,94,40,81,215,71.67,B
S1208,Student_1208,46,94,54,194,64.67,B
S1209,Student_1209,43,39,44,126,42.0,C
S1210,Student_1210,56,85,37,178,59.33,C
S1211,Student_1211,53,63,78,194,64.67,B
S1212,Student_1212,64,62,71,197,65.67,B
S1213,Student_1213,44,82,68,194,64.67,B
S1214,Student_1214,40,43,79,162,54.0,C
S1215,Student_1215,36,83,68,187,62.33,B
S1216,Student_1216,69,81,86,236,78.67,B
S1217,Student_1217,33,34,48,115,38.33,F
S1218,Student_1218,52,61,78,191,63.67,B
S1219,Student_1219,55,59,96,210,70.0,B
S1220,Student_1220,49,93,50,192,64.0,B
S1221,Student_1221,97,51,38,186,62.0,B
S1222,Student_1222,90,50,47,187,62.33,B
S1223,Student_1223,70,86,88,244,81.33,A
S1224,Student_1224,91,73,30,194,64.67,B
S1225,Student_1225,87,75,68,230,76.67,B
S1226,Student_1226,91,56,53,200,66.67,B
S1227,Student_1227,73,80,40,193,64.33,B
S1228,Student_1228,44,55,90,189,63.0,B
S1229,Student_1229,93,52,31,176,58.67,C
S1230,Student_1230,44,48,71,163,54.33,C
S1231,Student_1231,83,92,65,240,80.0,A
S1232,Student_1232,70,76,99,245,81.67,A
S1233,Student_1233,52,54,30,136,45.33,C
S1234,Student_1234,68,52,59,179,59.67,C
S1235,Student_1235,78,44,75,197,65.67,B
S1236,Student_1236,68,37,31,136,45.33,C
S1237,Student_1237,75,92,71,238,79.33,B
S1238,Student_1238,94,98,63,255,85.0,A
S1239,Student_1239,74,63,95,232,77.33,B
S1240,Student_1240,81,77,55,213,71.0,B
S1241,Student_1241,37,48,47,132,44.0,C
S1242,Student_1242,89,55,64,208,69.33,B
S1243,Student_1243,68,85,98,251,83.67,A
S1244,Student_1244,41,61,73,175,58.33,C
S1245,Student_1245,51,64,54,169,56.33,C
S1246,Student_1246,89,77,91,257,85.67,A
S1247,Student_1247,88,72,96,256,85.33,A
S1248,Student_1248,44,61,37,142,47.33,C
S1249,Student_1249,38,80,73,191,63.67,B
S1250,Student_1250,96,65,61,222,74.0,B
S1251,Student_1251,93,30,69,192,64.0,B
S1252,Student_1252,31,97,85,213,71.0,B
S1253,Student_1253,38,96,94,228,76.0,B
S1254,Student_1254,99,67,77,243,81.0,A
S1255,Student_1255,68,97,96,261,87.0,A
S1256,Student_1256,75,52,70,197,65.67,B
S1257,Student_1257,76,63,50,189,63.0,B
S1258,Student_1258,46,42,74,162,54.0,C
S1259,Student_1259,79,72,96,247,82.33,A
S1260,Student_1260,68,73,42,183,61.0,B
S1261,Student_1261,81,44,37,162,54.0,C
S1262,Student_1262,64,38,75,177,59.0,C
S1263,Student_1263,61,46,97,204,68.0,B
S1264,Student_1264,45,80,89,214,71.33,B
S1265,Student_1265,30,71,60,161,53.67,C
S1266,Student_1266,30,64,70,164,54.67,C
S1267,Student_1267,92,30,47,169,56.33,C
S1268,Student_1268,91,75,73,239,79.67,B
S1269,Student_1269,96,69,48,213,71.0,B
S1270,Student_1270,34,67,59,160,53.33,C
S1271,Student_1271,47,64,66,177,59.0,C
S1272,Student_1272,64,95,42,201,67.0,B
S1273,Student_1273,91,45,81,217,72.33,B
S1274,Student_1274,87,83,47,217,72.33,B
S1275,Student_1275,79,30,30,139,46.33,C
S1276,Student_1276,76,33,57,166,55.33,C
S1277,Student_1277,85,42,51,178,59.33,C
S1278,Student_1278,32,92,40,164,54.67,C
S1279,Student_1279,34,55,48,137,45.67,C
S1280,Student_1280,96,43,86,225,75.0,B
S1281,Student_1281,30,41,85,156,52.0,C
S1282,Student_1282,43,94,66,203,67.67,B
S1283,Student_1283,62,39,61,162,54.0,C
S1284,Student_1284,95,59,96,250,83.33,A
S1285,Student_1285,89,43,66,198,66.0,B
S1286,Student_1286,78,64,53,195,65.0,B
S1287,Student_1287,57,84,49,190,63.33,B
S1288,Student_1288,36,44,59,139,46.33,C
S1289,Student_1289,50,93,45,188,62.67,B
S1290,Student_1290,82,86,64,232,77.33,B
S1291,Student_1291,91,70,89,250,83.33,A
S1292,Student_1292,90,38,74,202,67.33,B
S1293,Student_1293,68,77,98,243,81.0,A
S1294,Student_1294,46,51,73,170,56.67,C
S1295,Student_1295,66,57,44,167,55.67,C
S1296,Student_1296,79,93,67,239,79.67,B
S1297,Student_1297,97,72,50,219,73.0,B
S1298,Student_1298,30,37,71,138,46.0,C
S1299,Student_1299,74,52,100,226,75.33,B
S1300,Student_1300,33,47,56,136,45.33,C
S1301,Student_1301,71,35,36,142,47.33,C
S1302,Student_1302,100,37,53,190,63.33,B
S1303,Student_1303,54,61,62,177,59.0,C
S1304,Student_1304,45,84,35,164,54.67,C
S1305,Student_1305,47,85,32,164,54.67,C
S1306,Student_1306,51,65,98,214,71.33,B
S1307,Student_1307,59,88,77,224,74.67,B
S1308,Student_1308,87,99,44,230,76.67,B
S1309,Student_1309,85,53,66,204,68.0,B
S1310,Student_1310,35,72,69,176,58.67,C
S1311,Student_1311,87,60,70,217,72.33,B
S1312,Student_1312,32,50,84,166,55.33,C
S1313,Student_1313,97,34,64,195,65.0,B
S1314,Student_1314,48,45,65,158,52.67,C
S1315,Student_1315,87,33,35,155,51.67,C
S1316,Student_1316,47,70,36,153,51.0,C
S1317,Student_1317,48,40,62,150,50.0,C
S1318,Student_1318,88,82,77,247,82.33,A
S1319,Student_1319,88,52,82,222,74.0,B
S1320,Student_1320,85,62,64,211,70.33,B
S1321,Student_1321,39,75,91,205,68.33,B
S1322,Student_1322,47,73,80,200,66.67,B
S1323,Student_1323,82,64,84,230,76.67,B
S1324,Student_1324,46,87,82,215,71.67,B
S1325,Student_1325,40,83,34,157,52.33,C
S1326,Student_1326,30,73,63,166,55.33,C
S1327,Student_1327,85,63,86,234,78.0,B
S1328,Student_1328,93,68,97,258,86.0,A
S1329,Student_1329,55,89,46,190,63.33,B
S1330,Student_1330,35,71,68,174,58.0,C
S1331,Student_1331,57,94,73,224,74.67,B
S1332,Student_1332,61,97,35,193,64.33,B
S1333,Student_1333,63,42,59,164,54.67,C
S1334,Student_1334,98,93,97,288,96.0,A
S1335,Student_1335,48,94,88,230,76.67,B
S1336,Student_1336,82,84,88,254,84.67,A
S1337,Student_1337,57,38,82,177,59.0,C
S1338,Student_1338,78,47,98,223,74.33,B
S1339,Student_1339,67,95,90,252,84.0,A
S1340,Student_1340,43,47,33,123,41.0,C
S1341,Student_1341,30,59,58,147,49.0,C
S1342,Student_1342,83,94,85,262,87.33,A
S1343,Student_1343,43,62,78,183,61.0,B
S1344,Student_1344,55,36,30,121,40.33,C
S1345,Student_1345,71,60,79,210,70.0,B
S1346,Student_1346,98,84,42,224,74.67,B
S1347,Student_1347,39,59,71,169,56.33,C
S1348,Student_1348,96,85,91,272,90.67,A
S1349,Student_1349,89,68,47,204,68.0,B
S1350,Student_1350,79,63,75,217,72.33,B
S1351,Student_1351,82,69,36,187,62.33,B
S1352,Student_1352,80,88,68,236,78.67,B
S1353,Student_1353,90,38,71,199,66.33,B
S1354,Student_1354,97,48,78,223,74.33,B
S1355,Student_1355,62,83,46,191,63.67,B
S1356,Student_1356,45,42,100,187,62.33,B
S1357,Student_1357,69,96,66,231,77.0,B
S1358,Student_1358,38,85,51,174,58.0,C
S1359,Student_1359,96,43,49,188,62.67,B
S1360,Student_1360,65,31,84,180,60.0,B
S1361,Student_1361,36,44,40,120,40.0,C
S1362,Student_1362,47,45,62,154,51.33,C
S1363,Student_1363,81,79,72,232,77.33,B
S1364,Student_1364,47,94,82,223,74.33,B
S1365,Student_1365,65,43,51,159,53.0,C
S1366,Student_1366,62,71,80,213,71.0,B
S1367,Student_1367,56,90,92,238,79.33,B
S1368,Student_1368,94,79,46,219,73.0,B
S1369,Student_1369,71,53,34,158,52.67,C
S1370,Student_1370,73,46,62,181,60.33,B
S1371,Student_1371,85,56,91,232,77.33,B
S1372,Student_1372,52,49,54,155,51.67,C
S1373,Student_1373,31,30,100,161,53.67,C
S1374,Student_1374,61,34,62,157,52.33,C
S1375,Student_1375,53,71,74,198,66.0,B
S1376,Student_1376,80,75,33,188,62.67,B
S1377,Student_1377,92,55,100,247,82.33,A
S1378,Student_1378,97,69,96,262,87.33,A
S1379,Student_1379,77,41,33,151,50.33,C
S1380,Student_1380,60,34,48,142,47.33,C
S1381,Student_1381,58,92,45,195,65.0,B
S1382,Student_1382,47,42,33,122,40.67,C
S1383,Student_1383,57,96,95,248,82.67,A
S1384,Student_1384,56,56,79,191,63.67,B
S1385,Student_1385,81,88,37,206,68.67,B
S1386,Student_1386,99,87,85,271,90.33,A
S1387,Student_1387,44,100,60,204,68.0,B
S1388,Student_1388,59,59,30,148,49.33,C
S1389,Student_1389,79,67,75,221,73.67,B
S1390,Student_1390,31,61,31,123,41.0,C
S1391,Student_1391,41,47,74,162,54.0,C
S1392,Student_1392,56,72,98,226,75.33,B
S1393,Student_1393,46,91,100,237,79.0,B
S1394,Student_1394,32,77,70,179,59.67,C
S1395,Student_1395,78,48,32,158,52.67,C
S1396,Student_1396,62,60,72,194,64.67,B
S1397,Student_1397,55,57,42,154,51.33,C
S1398,Student_1398,49,43,63,155,51.67,C
S1399,Student_1399,54,74,54,182,60.67,B
S1400,Student_1400,33,67,43,143,47.67,C
S1401,Student_1401,42,72,86,200,66.67,B
S1402,Student_1402,73,49,63,185,61.67,B
S1403,Student_1403,81,37,72,190,63.33,B
S1404,Student_1404,90,68,30,188,62.67,B
S1405,Student_1405,36,67,83,186,62.0,B
S1406,Student_1406,47,43,48,138,46.0,C
S1407,Student_1407,88,58,93,239,79.67,B
S1408,Student_1408,82,61,60,203,67.67,B
S1409,Student_1409,55,42,84,181,60.33,B
S1410,Student_1410,82,81,82,245,81.67,A
S1411,Student_1411,59,75,42,176,58.67,C
S1412,Student_1412,56,93,43,192,64.0,B
S1413,Student_1413,72,73,41,186,62.0,B
S1414,Student_1414,65,51,92,208,69.33,B
S1415,Student_1415,55,99,53,207,69.0,B
S1416,Student_1416,31,89,91,211,70.33,B
S1417,Student_1417,61,38,62,161,53.67,C
S1418,Student_1418,46,49,66,161,53.67,C
S1419,Student_1419,98,74,99,271,90.33,A
S1420,Student_1420,98,91,100,289,96.33,A
S1421,Student_1421,67,42,62,171,57.0,C
S1422,Student_1422,88,85,89,262,87.33,A
S1423,Student_1423,59,56,39,154,51.33,C
S1424,Student_1424,39,40,81,160,53.33,C
S1425,Student_1425,55,92,60,207,69.0,B
S1426,Student_1426,57,48,85,190,63.33,B
S1427,Student_1427,40,50,33,123,41.0,C
S1428,Student_1428,65,90,82,237,79.0,B
S1429,Student_1429,58,100,35,193,64.33,B
S1430,Student_1430,97,40,32,169,56.33,C
S1431,Student_1431,81,53,50,184,61.33,B
S1432,Student_1432,95,56,68,219,73.0,B
S1433,Student_1433,61,33,58,152,50.67,C
S1434,Student_1434,44,49,35,128,42.67,C
S1435,Student_1435,55,69,32,156,52.0,C
S1436,Student_1436,62,62,51,175,58.33,C
S1437,Student_1437,40,51,100,191,63.67,B
S1438,Student_1438,40,36,87,163,54.33,C
S1439,Student_1439,41,79,74,194,64.67,B
S1440,Student_1440,31,84,56,171,57.0,C
S1441,Student_1441,46,65,97,208,69.33,B
S1442,Student_1442,88,39,79,206,68.67,B
S1443,Student_1443,74,89,80,243,81.0,A
S1444,Student_1444,83,45,38,166,55.33,C
S1445,Student_1445,89,41,58,188,62.67,B
S1446,Student_1446,39,34,32,105,35.0,F
S1447,Student_1447,31,83,50,164,54.67,C
S1448,Student_1448,94,64,80,238,79.33,B
S1449,Student_1449,38,71,73,182,60.67,B
S1450,Student_1450,83,71,73,227,75.67,B
S1451,Student_1451,47,32,46,125,41.67,C
S1452,Student_1452,84,32,37,153,51.0,C
S1453,Student_1453,35,81,45,161,53.67,C
S1454,Student_1454,87,54,80,221,73.67,B
S1455,Student_1455,39,35,47,121,40.33,C
S1456,Student_1456,61,34,45,140,46.67,C
S1457,Student_1457,91,68,57,216,72.0,B
S1458,Student_1458,53,67,38,158,52.67,C
S1459,Student_1459,62,49,33,144,48.0,C
S1460,Student_1460,58,80,99,237,79.0,B
S1461,Student_1461,81,55,65,201,67.0,B
S1462,Student_1462,44,59,81,184,61.33,B
S1463,Student_1463,78,63,61,202,67.33,B
S1464,Student_1464,68,54,62,184,61.33,B
S1465,Student_1465,34,54,55,143,47.67,C
S1466,Student_1466,32,91,63,186,62.0,B
S1467,Student_1467,58,67,96,221,73.67,B
S1468,Student_1468,88,70,63,221,73.67,B
S1469,Student_1469,43,36,47,126,42.0,C
S1470,Student_1470,72,98,75,245,81.67,A
S1471,Student_1471,51,88,78,217,72.33,B
S1472,Student_1472,96,61,59,216,72.0,B
S1473,Student_1473,86,89,75,250,83.33,A
S1474,Student_1474,51,48,100,199,66.33,B
S1475,Student_1475,61,32,92,185,61.67,B
S1476,Student_1476,79,88,57,224,74.67,B
S1477,Student_1477,54,53,76,183,61.0,B
S1478,Student_1478,60,37,99,196,65.33,B
S1479,Student_1479,56,37,56,149,49.67,C
S1480,Student_1480,39,92,78,209,69.67,B
S1481,Student_1481,85,36,82,203,67.67,B
S1482,Student_1482,48,82,58,188,62.67,B
S1483,Student_1483,72,74,90,236,78.67,B
S1484,Student_1484,43,90,71,204,68.0,B
S1485,Student_1485,30,68,74,172,57.33,C
S1486,Student_1486,47,53,92,192,64.0,B
S1487,Student_1487,68,85,91,244,81.33,A
S1488,Student_1488,62,63,34,159,53.0,C
S1489,Student_1489,87,74,60,221,73.67,B
S1490,Student_1490,82,58,100,240,80.0,A
S1491,Student_1491,35,50,91,176,58.67,C
S1492,Student_1492,55,42,69,166,55.33,C
S1493,Student_1493,52,97,41,190,63.33,B
S1494,Student_1494,76,64,38,178,59.33,C
S1495,Student_1495,55,81,45,181,60.33,B
S1496,Student_1496,30,48,88,166,55.33,C
S1497,Student_1497,45,45,99,189,63.0,B
S1498,Student_1498,83,92,70,245,81.67,A
S1499,Student_1499,30,80,33,143,47.67,C
S1500,Student_1500,54,50,81,185,61.67,B
S1501,Student_1501,78,95,31,204,68.0,B
S1502,Student_1502,53,49,80,182,60.67,B
S1503,Student_1503,59,59,33,151,50.33,C
S1504,Student_1504,50,99,93,242,80.67,A
S1505,Student_1505,30,92,72,194,64.67,B
S1506,Student_1506,78,78,95,251,83.67,A
S1507,Student_1507,61,60,97,218,72.67,B
S1508,Student_1508,93,91,73,257,85.67,A
S1509,Student_1509,69,68,43,180,60.0,B
S1510,Student_1510,90,84,63,237,79.0,B
S1511,Student_1511,75,65,52,192,64.0,B
S1512,Student_1512,73,81,43,197,65.67,B
S1513,Student_1513,89,74,83,246,82.0,A
S1514,Student_1514,85,56,77,218,72.67,B
S1515,Student_1515,73,75,87,235,78.33,B
S1516,Student_1516,86,91,46,223,74.33,B
S1517,Student_1517,32,62,45,139,46.33,C
S1518,Student_1518,100,83,56,239,79.67,B
S1519,Student_1519,83,80,87,250,83.33,A
S1520,Student_1520,76,61,79,216,72.0,B
S1521,Student_1521,97,58,61,216,72.0,B
S1522,Student_1522,81,56,43,180,60.0,B
S1523,Student_1523,81,50,43,174,58.0,C
S1524,Student_1524,48,31,30,109,36.33,F
S1525,Student_1525,67,81,66,214,71.33,B
S1526,Student_1526,32,32,55,119,39.67,F
S1527,Student_1527,64,70,86,220,73.33,B
S1528,Student_1528,32,79,52,163,54.33,C
S1529,Student_1529,58,40,55,153,51.0,C
S1530,Student_1530,63,46,47,156,52.0,C
S1531,Student_1531,42,33,32,107,35.67,F
S1532,Student_1532,31,34,83,148,49.33,C
S1533,Student_1533,48,100,56,204,68.0,B
S1534,Student_1534,86,81,66,233,77.67,B
S1535,Student_1535,52,88,85,225,75.0,B
S1536,Student_1536,37,92,70,199,66.33,B
S1537,Student_1537,67,31,91,189,63.0,B
S1538,Student_1538,90,74,94,258,86.0,A
S1539,Student_1539,34,81,36,151,50.33,C
S1540,Student_1540,71,52,34,157,52.33,C
S1541,Student_1541,47,55,46,148,49.33,C
S1542,Student_1542,68,45,68,181,60.33,B
S1543,Student_1543,81,30,45,156,52.0,C
S1544,Student_1544,93,35,31,159,53.0,C
S1545,Student_1545,90,93,32,215,71.67,B
S1546,Student_1546,97,96,84,277,92.33,A
S1547,Student_1547,77,34,84,195,65.0,B
S1548,Student_1548,48,93,95,236,78.67,B
S1549,Student_1549,66,83,51,200,66.67,B
S1550,Student_1550,80,93,85,258,86.0,A
S1551,Student_1551,95,63,93,251,83.67,A
S1552,Student_1552,69,96,97,262,87.33,A
S1553,Student_1553,80,59,90,229,76.33,B
S1554,Student_1554,51,49,56,156,52.0,C
S1555,Student_1555,47,56,66,169,56.33,C
S1556,Student_1556,43,95,98,236,78.67,B
S1557,Student_1557,64,59,80,203,67.67,B
S1558,Student_1558,57,84,34,175,58.33,C
S1559,Student_1559,69,65,81,215,71.67,B
S1560,Student_1560,73,54,71,198,66.0,B
S1561,Student_1561,73,61,34,168,56.0,C
S1562,Student_1562,51,61,38,150,50.0,C
S1563,Student_1563,67,46,85,198,66.0,B
S1564,Student_1564,91,64,79,234,78.0,B
S1565,Student_1565,62,70,83,215,71.67,B
S1566,Student_1566,57,69,46,172,57.33,C
S1567,Student_1567,40,66,55,161,53.67,C
S1568,Student_1568,67,78,53,198,66.0,B
S1569,Student_1569,44,53,42,139,46.33,C
S1570,Student_1570,74,64,99,237,79.0,B
S1571,Student_1571,62,85,60,207,69.0,B
S1572,Student_1572,37,100,51,188,62.67,B
S1573,Student_1573,63,51,39,153,51.0,C
S1574,Student_1574,44,42,38,124,41.33,C
S1575,Student_1575,92,42,81,215,71.67,B
S1576,Student_1576,58,58,43,159,53.0,C
S1577,Student_1577,46,33,34,113,37.67,F
S1578,Student_1578,39,75,39,153,51.0,C
S1579,Student_1579,37,58,80,175,58.33,C
S1580,Student_1580,47,68,58,173,57.67,C
S1581,Student_1581,81,100,42,223,74.33,B
S1582,Student_1582,66,41,70,177,59.0,C
S1583,Student_1583,31,94,97,222,74.0,B
S1584,Student_1584,94,97,79,270,90.0,A
S1585,Student_1585,81,74,31,186,62.0,B
S1586,Student_1586,81,83,78,242,80.67,A
S1587,Student_1587,39,99,84,222,74.0,B
S1588,Student_1588,40,41,57,138,46.0,C
S1589,Student_1589,38,62,43,143,47.67,C
S1590,Student_1590,31,70,93,194,64.67,B
S1591,Student_1591,98,31,32,161,53.67,C
S1592,Student_1592,64,62,89,215,71.67,B
S1593,Student_1593,88,77,69,234,78.0,B
S1594,Student_1594,79,71,99,249,83.0,A
S1595,Student_1595,65,58,52,175,58.33,C
S1596,Student_1596,61,77,34,172,57.33,C
S1597,Student_1597,52,43,53,148,49.33,C
S1598,Student_1598,61,59,92,212,70.67,B
S1599,Student_1599,95,70,90,255,85.0,A
S1600,Student_1600,71,99,48,218,72.67,B
S1601,Student_1601,35,31,32,98,32.67,F
S1602,Student_1602,96,31,73,200,66.67,B
S1603,Student_1603,98,63,93,254,84.67,A
S1604,Student_1604,55,60,86,201,67.0,B
S1605,Student_1605,79,83,38,200,66.67,B
S1606,Student_1606,61,59,66,186,62.0,B
S1607,Student_1607,54,88,54,196,65.33,B
S1608,Student_1608,73,33,86,192,64.0,B
S1609,Student_1609,55,48,63,166,55.33,C
S1610,Student_1610,46,82,74,202,67.33,B
S1611,Student_1611,68,36,34,138,46.0,C
S1612,Student_1612,74,55,96,225,75.0,B
S1613,Student_1613,89,89,41,219,73.0,B
S1614,Student_1614,72,62,40,174,58.0,C
S1615,Student_1615,98,49,98,245,81.67,A
S1616,Student_1616,38,33,78,149,49.67,C
S1617,Student_1617,57,66,72,195,65.0,B
S1618,Student_1618,83,92,53,228,76.0,B
S1619,Student_1619,83,31,67,181,60.33,B
S1620,Student_1620,87,91,39,217,72.33,B
S1621,Student_1621,61,48,79,188,62.67,B
S1622,Student_1622,70,70,82,222,74.0,B
S1623,Student_1623,77,60,41,178,59.33,C
S1624,Student_1624,69,52,89,210,70.0,B
S1625,Student_1625,79,84,73,236,78.67,B
S1626,Student_1626,43,41,43,127,42.33,C
S1627,Student_1627,100,94,87,281,93.67,A
S1628,Student_1628,67,88,96,251,83.67,A
S1629,Student_1629,69,75,88,232,77.33,B
S1630,Student_1630,94,96,36,226,75.33,B
S1631,Student_1631,70,52,40,162,54.0,C
S1632,Student_1632,99,59,99,257,85.67,A
S1633,Student_1633,71,91,87,249,83.0,A
S1634,Student_1634,36,50,65,151,50.33,C
S1635,Student_1635,67,35,33,135,45.0,C
S1636,Student_1636,57,49,32,138,46.0,C
S1637,Student_1637,47,71,34,152,50.67,C
S1638,Student_1638,85,67,88,240,80.0,A
S1639,Student_1639,63,47,69,179,59.67,C
S1640,Student_1640,73,85,52,210,70.0,B
S1641,Student_1641,76,43,37,156,52.0,C
S1642,Student_1642,92,48,82,222,74.0,B
S1643,Student_1643,89,83,76,248,82.67,A
S1644,Student_1644,68,32,39,139,46.33,C
S1645,Student_1645,64,32,76,172,57.33,C
S1646,Student_1646,97,76,52,225,75.0,B
S1647,Student_1647,41,30,52,123,41.0,C
S1648,Student_1648,66,50,44,160,53.33,C
S1649,Student_1649,81,45,85,211,70.33,B
S1650,Student_1650,82,78,91,251,83.67,A
S1651,Student_1651,64,96,56,216,72.0,B
S1652,Student_1652,58,64,52,174,58.0,C
S1653,Student_1653,86,53,54,193,64.33,B
S1654,Student_1654,31,40,69,140,46.67,C
S1655,Student_1655,93,82,75,250,83.33,A
S1656,Student_1656,51,56,60,167,55.67,C
S1657,Student_1657,95,95,94,284,94.67,A
S1658,Student_1658,34,62,81,177,59.0,C
S1659,Student_1659,63,75,90,228,76.0,B
S1660,Student_1660,72,80,65,217,72.33,B
S1661,Student_1661,89,87,58,234,78.0,B
S1662,Student_1662,74,62,94,230,76.67,B
S1663,Student_1663,67,76,60,203,67.67,B
S1664,Student_1664,64,66,49,179,59.67,C
S1665,Student_1665,62,89,99,250,83.33,A
S1666,Student_1666,44,54,56,154,51.33,C
S1667,Student_1667,62,37,78,177,59.0,C
S1668,Student_1668,59,32,76,167,55.67,C
S1669,Student_1669,71,58,96,225,75.0,B
S1670,Student_1670,76,51,53,180,60.0,B
S1671,Student_1671,66,38,98,202,67.33,B
S1672,Student_1672,100,68,30,198,66.0,B
S1673,Student_1673,79,63,95,237,79.0,B
S1674,Student_1674,60,88,53,201,67.0,B
S1675,Student_1675,59,70,62,191,63.67,B
S1676,Student_1676,98,100,78,276,92.0,A
S1677,Student_1677,86,52,100,238,79.33,B
S1678,Student_1678,78,74,32,184,61.33,B
S1679,Student_1679,66,72,45,183,61.0,B
S1680,Student_1680,65,68,71,204,68.0,B
S1681,Student_1681,30,54,74,158,52.67,C
S1682,Student_1682,50,51,67,168,56.0,C
S1683,Student_1683,71,96,53,220,73.33,B
S1684,Student_1684,39,61,43,143,47.67,C
S1685,Student_1685,60,52,61,173,57.67,C
S1686,Student_1686,99,82,78,259,86.33,A
S1687,Student_1687,39,64,69,172,57.33,C
S1688,Student_1688,55,80,72,207,69.0,B
S1689,Student_1689,85,51,42,178,59.33,C
S1690,Student_1690,63,38,79,180,60.0,B
S1691,Student_1691,44,33,36,113,37.67,F
S1692,Student_1692,58,44,98,200,66.67,B
S1693,Student_1693,54,93,76,223,74.33,B
S1694,Student_1694,96,75,51,222,74.0,B
S1695,Student_1695,60,39,52,151,50.33,C
S1696,Student_1696,36,40,41,117,39.0,F
S1697,Student_1697,67,37,95,199,66.33,B
S1698,Student_1698,36,52,70,158,52.67,C
S1699,Student_1699,36,56,83,175,58.33,C
S1700,Student_1700,58,33,39,130,43.33,C
S1701,Student_1701,63,85,67,215,71.67,B
S1702,Student_1702,90,61,58,209,69.67,B
S1703,Student_1703,80,74,61,215,71.67,B
S1704,Student_1704,91,93,36,220,73.33,B
S1705,Student_1705,65,72,97,234,78.0,B
S1706,Student_1706,50,74,58,182,60.67,B
S1707,Student_1707,51,68,62,181,60.33,B
S1708,Student_1708,51,35,53,139,46.33,C
S1709,Student_1709,64,70,66,200,66.67,B
S1710,Student_1710,89,45,42,176,58.67,C
S1711,Student_1711,65,66,88,219,73.0,B
S1712,Student_1712,91,44,31,166,55.33,C
S1713,Student_1713,71,33,89,193,64.33,B
S1714,Student_1714,70,73,41,184,61.33,B
S1715,Student_1715,77,59,86,222,74.0,B
S1716,Student_1716,83,93,48,224,74.67,B
S1717,Student_1717,42,84,35,161,53.67,C
S1718,Student_1718,43,37,96,176,58.67,C
S1719,Student_1719,90,30,71,191,63.67,B
S1720,Student_1720,91,58,51,200,66.67,B
S1721,Student_1721,70,86,62,218,72.67,B
S1722,Student_1722,77,69,40,186,62.0,B
S1723,Student_1723,41,31,49,121,40.33,C
S1724,Student_1724,91,63,63,217,72.33,B
S1725,Student_1725,67,31,81,179,59.67,C
S1726,Student_1726,60,76,40,176,58.67,C
S1727,Student_1727,35,72,85,192,64.0,B
S1728,Student_1728,44,75,63,182,60.67,B
S1729,Student_1729,97,78,70,245,81.67,A
S1730,Student_1730,59,48,97,204,68.0,B
S1731,Student_1731,78,39,72,189,63.0,B
S1732,Student_1732,83,82,38,203,67.67,B
S1733,Student_1733,60,62,50,172,57.33,C
S1734,Student_1734,68,50,94,212,70.67,B
S1735,Student_1735,52,66,88,206,68.67,B
S1736,Student_1736,74,80,66,220,73.33,B
S1737,Student_1737,63,34,51,148,49.33,C
S1738,Student_1738,43,35,80,158,52.67,C
S1739,Student_1739,99,50,32,181,60.33,B
S1740,Student_1740,75,59,55,189,63.0,B
S1741,Student_1741,37,96,68,201,67.0,B
S1742,Student_1742,93,66,42,201,67.0,B
S1743,Student_1743,92,53,64,209,69.67,B
S1744,Student_1744,39,89,94,222,74.0,B
S1745,Student_1745,53,66,44,163,54.33,C
S1746,Student_1746,46,62,82,190,63.33,B
S1747,Student_1747,71,33,73,177,59.0,C
S1748,Student_1748,69,92,82,243,81.0,A
S1749,Student_1749,31,94,69,194,64.67,B
S1750,Student_1750,91,58,45,194,64.67,B
S1751,Student_1751,33,77,38,148,49.33,C
S1752,Student_1752,55,65,79,199,66.33,B
S1753,Student_1753,94,58,68,220,73.33,B
S1754,Student_1754,73,61,42,176,58.67,C
S1755,Student_1755,46,79,53,178,59.33,C
S1756,Student_1756,94,99,49,242,80.67,A
S1757,Student_1757,71,93,43,207,69.0,B
S1758,Student_1758,57,76,46,179,59.67,C
S1759,Student_1759,86,79,43,208,69.33,B
S1760,Student_1760,41,93,54,188,62.67,B
S1761,Student_1761,74,50,93,217,72.33,B
S1762,Student_1762,66,54,73,193,64.33,B
S1763,Student_1763,82,41,45,168,56.0,C
S1764,Student_1764,48,55,47,150,50.0,C
S1765,Student_1765,62,57,73,192,64.0,B
S1766,Student_1766,51,85,46,182,60.67,B
S1767,Student_1767,60,71,65,196,65.33,B
S1768,Student_1768,83,90,99,272,90.67,A
S1769,Student_1769,67,60,30,157,52.33,C
S1770,Student_1770,89,64,53,206,68.67,B
S1771,Student_1771,70,95,92,257,85.67,A
S1772,Student_1772,41,65,84,190,63.33,B
S1773,Student_1773,88,46,85,219,73.0,B
S1774,Student_1774,64,36,76,176,58.67,C
S1775,Student_1775,83,36,83,202,67.33,B
S1776,Student_1776,68,82,79,229,76.33,B
S1777,Student_1777,80,34,82,196,65.33,B
S1778,Student_1778,62,89,92,243,81.0,A
S1779,Student_1779,58,55,52,165,55.0,C
S1780,Student_1780,36,76,37,149,49.67,C
S1781,Student_1781,61,31,64,156,52.0,C
S1782,Student_1782,59,69,49,177,59.0,C
S1783,Student_1783,40,83,76,199,66.33,B
S1784,Student_1784,56,99,70,225,75.0,B
S1785,Student_1785,64,68,30,162,54.0,C
S1786,Student_1786,50,77,56,183,61.0,B
S1787,Student_1787,47,52,93,192,64.0,B
S1788,Student_1788,43,62,96,201,67.0,B
S1789,Student_1789,82,52,98,232,77.33,B
S1790,Student_1790,76,80,47,203,67.67,B
S1791,Student_1791,99,64,55,218,72.67,B
S1792,Student_1792,65,33,31,129,43.0,C
S1793,Student_1793,56,48,47,151,50.33,C
S1794,Student_1794,43,94,37,174,58.0,C
S1795,Student_1795,36,70,93,199,66.33,B
S1796,Student_1796,70,45,80,195,65.0,B
S1797,Student_1797,46,95,40,181,60.33,B
S1798,Student_1798,43,59,82,184,61.33,B
S1799,Student_1799,84,67,82,233,77.67,B
S1800,Student_1800,67,51,51,169,56.33,C
S1801,Student_1801,91,78,52,221,73.67,B
S1802,Student_1802,75,70,77,222,74.0,B
S1803,Student_1803,33,40,78,151,50.33,C
S1804,Student_1804,63,37,93,193,64.33,B
S1805,Student_1805,69,32,96,197,65.67,B
S1806,Student_1806,78,99,77,254,84.67,A
S1807,Student_1807,40,40,42,122,40.67,C
S1808,Student_1808,78,46,95,219,73.0,B
S1809,Student_1809,91,50,86,227,75.67,B
S1810,Student_1810,57,57,75,189,63.0,B
S1811,Student_1811,35,45,92,172,57.33,C
S1812,Student_1812,75,53,38,166,55.33,C
S1813,Student_1813,78,97,64,239,79.67,B
S1814,Student_1814,44,38,64,146,48.67,C
S1815,Student_1815,49,91,68,208,69.33,B
S1816,Student_1816,47,70,87,204,68.0,B
S1817,Student_1817,34,67,88,189,63.0,B
S1818,Student_1818,41,50,91,182,60.67,B
S1819,Student_1819,47,30,84,161,53.67,C
S1820,Student_1820,50,64,75,189,63.0,B
S1821,Student_1821,70,35,63,168,56.0,C
S1822,Student_1822,68,83,35,186,62.0,B
S1823,Student_1823,56,46,64,166,55.33,C
S1824,Student_1824,89,72,87,248,82.67,A
S1825,Student_1825,46,83,94,223,74.33,B
S1826,Student_1826,82,100,84,266,88.67,A
S1827,Student_1827,94,48,79,221,73.67,B
S1828,Student_1828,35,44,40,119,39.67,F
S1829,Student_1829,46,58,71,175,58.33,C
S1830,Student_1830,65,98,46,209,69.67,B
S1831,Student_1831,60,40,45,145,48.33,C
S1832,Student_1832,69,74,67,210,70.0,B
S1833,Student_1833,34,76,68,178,59.33,C
S1834,Student_1834,83,39,35,157,52.33,C
S1835,Student_1835,71,63,94,228,76.0,B
S1836,Student_1836,48,90,97,235,78.33,B
S1837,Student_1837,78,31,45,154,51.33,C
S1838,Student_1838,56,58,51,165,55.0,C
S1839,Student_1839,60,81,30,171,57.0,C
S1840,Student_1840,92,100,56,248,82.67,A
S1841,Student_1841,66,62,74,202,67.33,B
S1842,Student_1842,56,37,42,135,45.0,C
S1843,Student_1843,79,48,40,167,55.67,C
S1844,Student_1844,73,36,46,155,51.67,C
S1845,Student_1845,35,42,52,129,43.0,C
S1846,Student_1846,88,45,68,201,67.0,B
S1847,Student_1847,79,88,82,249,83.0,A
S1848,Student_1848,86,69,42,197,65.67,B
S1849,Student_1849,65,91,62,218,72.67,B
S1850,Student_1850,81,64,55,200,66.67,B
S1851,Student_1851,52,43,55,150,50.0,C
S1852,Student_1852,59,33,53,145,48.33,C
S1853,Student_1853,47,41,82,170,56.67,C
S1854,Student_1854,64,41,94,199,66.33,B
S1855,Student_1855,96,69,74,239,79.67,B
S1856,Student_1856,92,64,95,251,83.67,A
S1857,Student_1857,49,88,84,221,73.67,B
S1858,Student_1858,33,39,43,115,38.33,F
S1859,Student_1859,76,58,34,168,56.0,C
S1860,Student_1860,89,72,50,211,70.33,B
S1861,Student_1861,78,76,90,244,81.33,A
S1862,Student_1862,43,49,90,182,60.67,B
S1863,Student_1863,49,87,35,171,57.0,C
S1864,Student_1864,42,41,58,141,47.0,C
S1865,Student_1865,51,84,100,235,78.33,B
S1866,Student_1866,71,90,97,258,86.0,A
S1867,Student_1867,33,65,55,153,51.0,C
S1868,Student_1868,43,46,88,177,59.0,C
S1869,Student_1869,60,99,66,225,75.0,B
S1870,Student_1870,60,94,31,185,61.67,B
S1871,Student_1871,67,44,43,154,51.33,C
S1872,Student_1872,36,73,72,181,60.33,B
S1873,Student_1873,67,92,40,199,66.33,B
S1874,Student_1874,81,45,98,224,74.67,B
S1875,Student_1875,40,67,94,201,67.0,B
S1876,Student_1876,40,39,61,140,46.67,C
S1877,Student_1877,35,98,72,205,68.33,B
S1878,Student_1878,95,52,53,200,66.67,B
S1879,Student_1879,78,46,85,209,69.67,B
S1880,Student_1880,47,68,45,160,53.33,C
S1881,Student_1881,52,39,33,124,41.33,C
S1882,Student_1882,74,30,33,137,45.67,C
S1883,Student_1883,77,87,93,257,85.67,A
S1884,Student_1884,41,51,64,156,52.0,C
S1885,Student_1885,72,64,90,226,75.33,B
S1886,Student_1886,68,80,57,205,68.33,B
S1887,Student_1887,65,59,57,181,60.33,B
S1888,Student_1888,54,78,60,192,64.0,B
S1889,Student_1889,46,82,66,194,64.67,B
S1890,Student_1890,60,79,56,195,65.0,B
S1891,Student_1891,93,91,74,258,86.0,A
S1892,Student_1892,61,83,52,196,65.33,B
S1893,Student_1893,32,36,71,139,46.33,C
S1894,Student_1894,89,86,93,268,89.33,A
S1895,Student_1895,97,53,97,247,82.33,A
S1896,Student_1896,31,99,55,185,61.67,B
S1897,Student_1897,65,41,95,201,67.0,B
S1898,Student_1898,39,88,86,213,71.0,B
S1899,Student_1899,89,76,36,201,67.0,B
S1900,Student_1900,60,70,52,182,60.67,B
S1901,Student_1901,49,96,74,219,73.0,B
S1902,Student_1902,83,70,73,226,75.33,B
S1903,Student_1903,95,76,34,205,68.33,B
S1904,Student_1904,85,32,40,157,52.33,C
S1905,Student_1905,57,47,46,150,50.0,C
S1906,Student_1906,88,57,86,231,77.0,B
S1907,Student_1907,86,58,48,192,64.0,B
S1908,Student_1908,99,99,86,284,94.67,A
S1909,Student_1909,66,44,42,152,50.67,C
S1910,Student_1910,96,83,87,266,88.67,A
S1911,Student_1911,55,91,83,229,76.33,B
S1912,Student_1912,87,87,96,270,90.0,A
S1913,Student_1913,40,84,65,189,63.0,B
S1914,Student_1914,34,33,56,123,41.0,C
S1915,Student_1915,40,45,79,164,54.67,C
S1916,Student_1916,96,91,60,247,82.33,A
S1917,Student_1917,57,50,51,158,52.67,C
S1918,Student_1918,93,86,68,247,82.33,A
S1919,Student_1919,69,32,43,144,48.0,C
S1920,Student_1920,74,68,80,222,74.0,B
S1921,Student_1921,100,31,51,182,60.67,B
S1922,Student_1922,42,81,43,166,55.33,C
S1923,Student_1923,32,85,70,187,62.33,B
S1924,Student_1924,85,43,36,164,54.67,C
S1925,Student_1925,98,55,43,196,65.33,B
S1926,Student_1926,98,96,100,294,98.0,A
S1927,Student_1927,97,63,42,202,67.33,B
S1928,Student_1928,76,59,63,198,66.0,B
S1929,Student_1929,43,51,38,132,44.0,C
S1930,Student_1930,68,81,35,184,61.33,B
S1931,Student_1931,36,36,54,126,42.0,C
S1932,Student_1932,92,47,56,195,65.0,B
S1933,Student_1933,38,49,75,162,54.0,C
S1934,Student_1934,63,56,65,184,61.33,B
S1935,Student_1935,90,98,89,277,92.33,A
S1936,Student_1936,86,36,38,160,53.33,C
S1937,Student_1937,50,54,41,145,48.33,C
S1938,Student_1938,64,86,68,218,72.67,B
S1939,Student_1939,33,61,51,145,48.33,C
S1940,Student_1940,84,50,87,221,73.67,B
S1941,Student_1941,44,66,77,187,62.33,B
S1942,Student_1942,73,74,41,188,62.67,B
S1943,Student_1943,85,32,96,213,71.0,B
S1944,Student_1944,66,69,76,211,70.33,B
S1945,Student_1945,100,82,79,261,87.0,A
S1946,Student_1946,75,83,36,194,64.67,B
S1947,Student_1947,74,84,43,201,67.0,B
S1948,Student_1948,67,77,31,175,58.33,C
S1949,Student_1949,65,30,90,185,61.67,B
S1950,Student_1950,40,96,66,202,67.33,B
S1951,Student_1951,70,74,44,188,62.67,B
S1952,Student_1952,76,98,61,235,78.33,B
S1953,Student_1953,65,68,61,194,64.67,B
S1954,Student_1954,55,93,70,218,72.67,B
S1955,Student_1955,46,37,39,122,40.67,C
S1956,Student_1956,79,57,79,215,71.67,B
S1957,Student_1957,38,99,36,173,57.67,C
S1958,Student_1958,62,48,60,170,56.67,C
S1959,Student_1959,84,47,66,197,65.67,B
S1960,Student_1960,33,43,81,157,52.33,C
S1961,Student_1961,63,71,100,234,78.0,B
S1962,Student_1962,48,68,99,215,71.67,B
S1963,Student_1963,92,31,45,168,56.0,C
S1964,Student_1964,95,74,88,257,85.67,A
S1965,Student_1965,81,99,53,233,77.67,B
S1966,Student_1966,36,84,78,198,66.0,B
S1967,Student_1967,83,36,59,178,59.33,C
S1968,Student_1968,69,35,56,160,53.33,C
S1969,Student_1969,35,50,79,164,54.67,C
S1970,Student_1970,38,62,60,160,53.33,C
S1971,Student_1971,95,83,30,208,69.33,B
S1972,Student_1972,44,95,41,180,60.0,B
S1973,Student_1973,30,59,33,122,40.67,C
S1974,Student_1974,97,71,37,205,68.33,B
S1975,Student_1975,40,53,79,172,57.33,C
S1976,Student_1976,62,47,72,181,60.33,B
S1977,Student_1977,63,61,85,209,69.67,B
S1978,Student_1978,76,59,30,165,55.0,C
S1979,Student_1979,34,82,40,156,52.0,C
S1980,Student_1980,97,82,87,266,88.67,A
S1981,Student_1981,75,76,54,205,68.33,B
S1982,Student_1982,34,52,70,156,52.0,C
S1983,Student_1983,40,31,96,167,55.67,C
S1984,Student_1984,70,85,55,210,70.0,B
S1985,Student_1985,66,49,65,180,60.0,B
S1986,Student_1986,36,47,48,131,43.67,C
S1987,Student_1987,85,51,75,211,70.33,B
S1988,Student_1988,62,80,42,184,61.33,B
S1989,Student_1989,38,35,59,132,44.0,C
S1990,Student_1990,39,48,63,150,50.0,C
S1991,Student_1991,79,65,84,228,76.0,B
S1992,Student_1992,45,36,88,169,56.33,C
S1993,Student_1993,72,62,100,234,78.0,B
S1994,Student_1994,71,85,85,241,80.33,A
S1995,Student_1995,71,95,56,222,74.0,B
S1996,Student_1996,75,90,92,257,85.67,A
S1997,Student_1997,33,33,71,137,45.67,C
S1998,Student_1998,88,36,65,189,63.0,B
S1999,Student_1999,86,57,57,200,66.67,B
S2000,Student_2000,48,80,49,177,59.0,C
